Price,Close,High,Low,Open,Volume
Ticker,XTR,XTR,XTR,XTR,XTR
Date,,,,,
2021-09-07,18.524072647094727,18.65201098466606,18.524072647094727,18.65201098466606,500
2021-09-08,18.491073608398438,18.491073608398438,18.491073608398438,18.491073608398438,200
2021-09-09,18.421045303344727,18.421045303344727,18.421045303344727,18.421045303344727,100
2021-09-10,18.280986785888672,18.280986785888672,18.280986785888672,18.280986785888672,200
2021-09-13,18.30792236328125,18.30792236328125,18.261461800867565,18.261461800867565,400
2021-09-14,18.212305068969727,18.212305068969727,18.212305068969727,18.212305068969727,500
2021-09-15,18.36246681213379,18.38940045525336,18.24126220727566,18.26819585039523,1400
2021-09-16,18.33620262145996,18.33620262145996,18.33620262145996,18.33620262145996,100
2021-09-17,18.20018196105957,18.261458519317653,18.194122503033924,18.19748872590065,6400
2021-09-20,17.973264694213867,18.180659261506204,17.958451255238693,18.180659261506204,900
2021-09-21,17.94969367980957,18.012316215468793,17.94969367980957,18.012316215468793,1300
2021-09-22,18.065513610839844,18.072920329591962,18.04598540577205,18.066186598636985,1000
2021-09-23,18.20220375061035,18.208264493477156,18.20220375061035,18.208264493477156,400
2021-09-24,18.208938598632812,18.214325069737537,18.208938598632812,18.214325069737537,400
2021-09-27,18.153722763061523,18.212306094681423,18.153722763061523,18.212306094681423,100
2021-09-28,17.88842010498047,17.88842010498047,17.88842010498047,17.88842010498047,100
2021-09-29,17.89851951599121,17.89851951599121,17.89851951599121,17.89851951599121,100
2021-09-30,17.75105094909668,17.823773429061685,17.75105094909668,17.823773429061685,200
2021-10-01,17.87832260131836,17.87832260131836,17.87832260131836,17.87832260131836,200
2021-10-04,17.67765998840332,17.67765998840332,17.67765998840332,17.67765998840332,100
2021-10-05,17.819738388061523,17.819738388061523,17.819738388061523,17.819738388061523,100
2021-10-06,17.86754608154297,17.86754608154297,17.675639243926568,17.675639243926568,200
2021-10-07,17.979324340820312,18.093122214957617,17.979324340820312,18.093122214957617,200
2021-10-08,17.946327209472656,17.946327209472656,17.946327209472656,17.946327209472656,100
2021-10-11,17.841957092285156,18.02578420967473,17.841957092285156,18.02578420967473,20200
2021-10-12,17.7894344329834,17.823774786150018,17.7894344329834,17.823774786150018,3700
2021-10-13,17.79347801208496,17.83724662540268,17.709308293419795,17.709308293419795,2100
2021-10-14,18.06484031677246,18.06484031677246,18.06484031677246,18.06484031677246,100
2021-10-15,18.187393188476562,18.187393188476562,18.187393188476562,18.187393188476562,0
2021-10-18,18.239912033081055,18.239912033081055,18.239912033081055,18.239912033081055,0
2021-10-19,18.34967041015625,18.35573115349418,18.342263691184044,18.342263691184044,2400
2021-10-20,18.40757942199707,18.42980086318288,18.4055591742231,18.42980086318288,800
2021-10-21,18.46077537536621,18.46077537536621,18.46077537536621,18.46077537536621,100
2021-10-22,18.45942497253418,18.45942497253418,18.417003628621988,18.417003628621988,100
2021-10-25,18.518007278442383,18.53080175116828,18.518007278442383,18.53080175116828,400
2021-10-26,18.59544563293457,18.6385412550329,18.56447149739157,18.56447149739157,2600
2021-10-27,18.489051818847656,18.581975489976053,18.489051818847656,18.581975489976053,900
2021-10-28,18.63652229309082,18.63652229309082,18.631808809436727,18.631808809436727,200
2021-10-29,18.68567657470703,18.68567657470703,18.598140636938812,18.658068661825514,800
2021-11-01,18.705202102661133,18.712610105528448,18.6991426440051,18.6991426440051,3300
2021-11-02,18.76243782043457,18.785332247729745,18.746277123774906,18.785332247729745,1300
2021-11-03,18.884315490722656,18.884315490722656,18.759744684127284,18.77321086114163,1900
2021-11-04,18.954343795776367,18.955016783511304,18.894414494845588,18.894414494845588,400
2021-11-05,19.03582000732422,19.069487374207007,19.03582000732422,19.056019913722803,400
2021-11-08,19.0587158203125,19.076222492753864,19.0587158203125,19.076222492753864,100
2021-11-09,18.990034103393555,19.00215430597977,18.990034103393555,19.00215430597977,100
2021-11-10,18.880949020385742,18.971851172435766,18.814285986644233,18.934817580721358,1600
2021-11-11,18.84391212463379,18.88700645455227,18.84391212463379,18.88700645455227,300
2021-11-12,18.967140197753906,18.967140197753906,18.967140197753906,18.967140197753906,100
2021-11-15,18.954343795776367,18.954343795776367,18.954343795776367,18.954343795776367,100
2021-11-16,19.048614501953125,19.095749332552238,19.048614501953125,19.095749332552238,100
2021-11-17,19.01023292541504,19.076221685739636,19.01023292541504,19.076221685739636,100
2021-11-18,19.067468643188477,19.067468643188477,19.067468643188477,19.067468643188477,300
2021-11-19,19.037841796875,19.042555279993486,19.037841796875,19.042555279993486,100
2021-11-22,19.00417709350586,19.150296384881887,19.00417709350586,19.150296384881887,200
2021-11-23,19.00754165649414,19.00754165649414,19.00754165649414,19.00754165649414,200
2021-11-24,19.051984786987305,19.051984786987305,19.051984786987305,19.051984786987305,100
2021-11-26,18.67827033996582,18.685677059249237,18.67827033996582,18.685677059249237,100
2021-11-29,18.889028549194336,18.889028549194336,18.75368351970181,18.75368351970181,400
2021-11-30,18.57120704650879,18.78668132511066,18.497137281616393,18.78668132511066,2400
2021-12-01,18.375930786132812,18.375930786132812,18.375930786132812,18.375930786132812,100
2021-12-02,18.55706787109375,18.637871373289382,18.55706787109375,18.637871373289382,2100
2021-12-03,18.42912483215332,18.42912483215332,18.42912483215332,18.42912483215332,100
2021-12-06,18.633827209472656,18.6520081544292,18.633827209472656,18.6520081544292,2000
2021-12-07,18.97926139831543,19.029089469272535,18.962426427722196,19.029089469272535,700
2021-12-08,19.049962997436523,19.049962997436523,18.941551595699018,18.942225867842602,6500
2021-12-09,18.906536102294922,18.91529008081135,18.901149631359196,18.91529008081135,700
2021-12-10,19.08295440673828,19.08295440673828,19.002150929972874,19.002150929972874,300
2021-12-13,18.923370361328125,19.015619773197404,18.923370361328125,19.015619773197404,700
2021-12-14,18.75974464416504,18.81361320509108,18.75974464416504,18.81361320509108,100
2021-12-15,19.067468643188477,19.067468643188477,18.98868669017836,18.98868669017836,200
2021-12-16,18.926738739013672,18.968487102770762,18.926738739013672,18.961753371423367,1600
2021-12-17,18.746952056884766,18.746952056884766,18.746952056884766,18.746952056884766,0
2021-12-20,18.568510055541992,18.568510055541992,18.524741450199866,18.524741450199866,400
2021-12-21,18.801494598388672,18.801494598388672,18.685676476193663,18.69241020742155,800
2021-12-22,18.938182830810547,18.938182830810547,18.86815357753955,18.901147956671196,500
2021-12-23,19.058042526245117,19.07622347172219,19.008887445272798,19.042556100661436,1600
2021-12-27,19.253313064575195,19.253313064575195,19.17048934460381,19.17048934460381,200
2021-12-28,19.23042106628418,19.23042106628418,19.23042106628418,19.23042106628418,100
2021-12-29,19.26207160949707,19.26207160949707,19.190695084733523,19.22099623360885,1900
2021-12-30,19.192495346069336,19.28824767641794,19.192495346069336,19.28824767641794,400
2021-12-31,19.1422061920166,19.212470021583215,19.1422061920166,19.20558120473826,5100
2022-01-03,19.221426010131836,19.221426010131836,19.15736119467306,19.15736119467306,400
2022-01-04,19.237960815429688,19.260004243627815,19.171829216927687,19.260004243627815,300
2022-01-05,18.932790756225586,19.005811165167227,18.932790756225586,19.005811165167227,400
2022-01-06,18.88939094543457,18.950700492193956,18.88939094543457,18.950700492193956,100
2022-01-07,18.83290672302246,18.861149165383846,18.83290672302246,18.853571860657254,1800
2022-01-10,18.772974014282227,18.772974014282227,18.633822020190262,18.633822020190262,300
2022-01-11,18.910747528076172,18.910747528076172,18.861148833591617,18.861148833591617,500
2022-01-12,18.970680236816406,18.978257541987116,18.93072693429673,18.96792497256411,900
2022-01-13,18.736465454101562,18.736465454101562,18.736465454101562,18.736465454101562,200
2022-01-14,18.744043350219727,18.744043350219727,18.70960057556063,18.70960057556063,1600
2022-01-18,18.462984085083008,18.599379503239653,18.462984085083008,18.599379503239653,1900
2022-01-19,18.32452392578125,18.509829569230785,18.32452392578125,18.509829569230785,500
2022-01-20,18.140592575073242,18.140592575073242,18.137837311458018,18.137837311458018,900
2022-01-21,17.964244842529297,18.034509986210097,17.964244842529297,18.034509986210097,600
2022-01-24,17.96906852722168,17.96906852722168,17.96906852722168,17.96906852722168,100
2022-01-25,17.8388729095459,17.8388729095459,17.772741314621847,17.772741314621847,300
2022-01-26,17.80443000793457,18.000066899336538,17.80443000793457,17.965624127009285,600
2022-01-27,17.741743087768555,17.93118228714233,17.741743087768555,17.93118228714233,1600
2022-01-28,17.967004776000977,17.967004776000977,17.793409974735404,17.855408024193984,200
2022-01-31,18.216371536254883,18.216371536254883,18.08273137240816,18.08273137240816,1400
2022-02-01,18.304546356201172,18.304546356201172,18.304546356201172,18.304546356201172,100
2022-02-02,18.43818473815918,18.43818473815918,18.43818473815918,18.43818473815918,100
2022-02-03,18.10133171081543,18.10133171081543,18.10133171081543,18.10133171081543,100
2022-02-04,18.168149948120117,18.168149948120117,18.168149948120117,18.168149948120117,100
2022-02-07,18.056550979614258,18.056550979614258,18.056550979614258,18.056550979614258,0
2022-02-08,18.195016860961914,18.195016860961914,18.195016860961914,18.195016860961914,100
2022-02-09,18.3892765045166,18.3892765045166,18.3892765045166,18.3892765045166,100
2022-02-10,18.152305603027344,18.152305603027344,18.13026217756048,18.13026217756048,200
2022-02-11,17.922916412353516,17.922916412353516,17.922916412353516,17.922916412353516,100
2022-02-14,17.84714126586914,17.84714126586914,17.84714126586914,17.84714126586914,100
2022-02-15,18.008331298828125,18.008331298828125,18.008331298828125,18.008331298828125,100
2022-02-16,18.020044326782227,18.020044326782227,18.020044326782227,18.020044326782227,0
2022-02-17,17.737611770629883,17.737611770629883,17.737611770629883,17.737611770629883,100
2022-02-18,17.638412475585938,17.638412475585938,17.638412475585938,17.638412475585938,200
2022-02-22,17.483417510986328,17.56608200442057,17.455863555779946,17.56608200442057,300
2022-02-23,17.283645629882812,17.283645629882812,17.283645629882812,17.283645629882812,0
2022-02-24,17.453109741210938,17.453109741210938,17.070100403287956,17.070100403287956,200
2022-02-25,17.671480178833008,17.671480178833008,17.61981470103358,17.61981470103358,200
2022-02-28,17.648746490478516,17.648746490478516,17.593637266181236,17.593637266181236,100
2022-03-01,17.49443817138672,17.49443817138672,17.49443817138672,17.49443817138672,100
2022-03-02,17.695589065551758,17.695589065551758,17.695589065551758,17.695589065551758,100
2022-03-03,17.601211547851562,17.601211547851562,17.601211547851562,17.601211547851562,100
2022-03-04,17.493749618530273,17.493749618530273,17.493749618530273,17.493749618530273,0
2022-03-07,17.163095474243164,17.163095474243164,17.163095474243164,17.163095474243164,100
2022-03-08,17.067338943481445,17.067338943481445,17.04322874485398,17.04322874485398,100
2022-03-09,17.27813720703125,17.311201691779072,17.27813720703125,17.311201691779072,300
2022-03-10,17.202360153198242,17.202360153198242,17.146562443618585,17.152761459178826,800
2022-03-11,17.04460906982422,17.04460906982422,17.04460906982422,17.04460906982422,100
2022-03-14,16.950923919677734,16.959879512989847,16.950923919677734,16.959879512989847,200
2022-03-15,17.1265869140625,17.1265869140625,17.1265869140625,17.1265869140625,100
2022-03-16,17.380088806152344,17.380088806152344,17.366311170860897,17.366311170860897,100
2022-03-17,17.588815689086914,17.588815689086914,17.448975191130575,17.448975191130575,1800
2022-03-18,17.800983428955078,17.800983428955078,17.800983428955078,17.800983428955078,0
2022-03-21,17.765850067138672,17.765850067138672,17.758961251293584,17.758961251293584,1000
2022-03-22,17.923603057861328,17.923603057861328,17.923603057861328,17.923603057861328,0
2022-03-23,17.751386642456055,17.751386642456055,17.751386642456055,17.751386642456055,100
2022-03-24,17.931180953979492,17.931180953979492,17.931180953979492,17.931180953979492,100
2022-03-25,18.005578994750977,18.005578994750977,17.984912542719396,17.984912542719396,200
2022-03-28,18.106842041015625,18.106842041015625,18.106842041015625,18.106842041015625,100
2022-03-29,18.297658920288086,18.297658920288086,18.297658920288086,18.297658920288086,100
2022-03-30,18.177793502807617,18.31694418180784,18.177793502807617,18.31694418180784,600
2022-03-31,18.01108741760254,18.01108741760254,18.01108741760254,18.01108741760254,0
2022-04-01,18.002134323120117,18.002134323120117,18.002134323120117,18.002134323120117,100
2022-04-04,18.104772567749023,18.104772567749023,18.034508742820037,18.034508742820037,100
2022-04-05,17.924983978271484,17.9449606318437,17.876763563505612,17.9449606318437,400
2022-04-06,17.788583755493164,17.788583755493164,17.786516979142263,17.786516979142263,100
2022-04-07,17.849205017089844,17.849205017089844,17.73898657100422,17.73898657100422,900
2022-04-08,17.785831451416016,17.88296075871984,17.785831451416016,17.876073254947226,2800
2022-04-11,17.5357723236084,17.61430326771151,17.5357723236084,17.61430326771151,400
2022-04-12,17.47997283935547,17.47997283935547,17.47997283935547,17.47997283935547,0
2022-04-13,17.62807846069336,17.62807846069336,17.62807846069336,17.62807846069336,0
2022-04-14,17.447595596313477,17.447595596313477,17.447595596313477,17.447595596313477,100
2022-04-18,17.407644271850586,17.446220599972932,17.407644271850586,17.446220599972932,600
2022-04-19,17.64805793762207,17.64805793762207,17.58674969317445,17.58674969317445,100
2022-04-20,17.64736557006836,17.669408993718875,17.6452987938031,17.669408993718875,400
2022-04-21,17.434507369995117,17.434507369995117,17.434507369995117,17.434507369995117,100
2022-04-22,17.070096969604492,17.35942069159465,17.070096969604492,17.35942069159465,400
2022-04-25,16.952993392944336,16.952993392944336,16.94954832701128,16.952993392944336,600
2022-04-26,16.82279396057129,17.008099582984297,16.82279396057129,17.008099582984297,300
2022-04-27,16.811771392822266,16.811771392822266,16.811771392822266,16.811771392822266,100
2022-04-28,17.090763092041016,17.090763092041016,17.090763092041016,17.090763092041016,0
2022-04-29,16.658845901489258,16.863438387378057,16.658845901489258,16.863438387378057,500
2022-05-02,16.709819793701172,16.709819793701172,16.59477931675021,16.60166813328653,4800
2022-05-03,16.74288558959961,16.74288558959961,16.74288558959961,16.74288558959961,100
2022-05-04,17.065275192260742,17.065275192260742,16.581001767187058,16.670555068702818,20200
2022-05-05,16.663665771484375,16.952299688212218,16.663665771484375,16.952299688212218,200
2022-05-06,16.585824966430664,16.585824966430664,16.585824966430664,16.585824966430664,100
2022-05-09,16.287546157836914,16.33645636633322,16.287546157836914,16.33645636633322,300
2022-05-10,16.28272247314453,16.28272247314453,16.28272247314453,16.28272247314453,0
2022-05-11,16.113262176513672,16.319232925716918,16.111195400199918,16.22279080988357,800
2022-05-12,16.07950782775879,16.07950782775879,16.07950782775879,16.07950782775879,100
2022-05-13,16.24552345275879,16.24552345275879,16.22967904419321,16.22967904419321,100
2022-05-16,16.18559455871582,16.202815944681976,16.18559455871582,16.202127457137436,2100
2022-05-17,16.35161018371582,16.35161018371582,16.291678921605772,16.298567738549252,300
2022-05-18,16.016130447387695,16.016130447387695,16.016130447387695,16.016130447387695,100
2022-05-19,15.963781356811523,15.963781356811522,15.963781356811522,15.963781356811522,0
2022-05-20,15.93691349029541,15.93691349029541,15.885248019846008,15.885937821279962,1600
2022-05-23,16.056089401245117,16.056089401245117,16.050577558667804,16.050577558667804,500
2022-05-24,16.001667022705078,16.001667022705078,15.988577876069703,15.988577876069703,200
2022-05-25,16.06641960144043,16.06641960144043,16.06641960144043,16.06641960144043,100
2022-05-26,16.236568450927734,16.236568450927734,16.236568450927734,16.236568450927734,100
2022-05-27,16.47698211669922,16.47698211669922,16.47698211669922,16.47698211669922,100
2022-05-31,16.411540985107422,16.463894941282163,16.411540985107422,16.429452171439152,2000
2022-06-01,16.30752182006836,16.30752182006836,16.30752182006836,16.30752182006836,0
2022-06-02,16.516939163208008,16.516939163208008,16.516939163208008,16.516939163208008,100
2022-06-03,16.299945831298828,16.30545635922429,16.299945831298828,16.30545635922429,100
2022-06-06,16.321304321289062,16.321304321289062,16.321304321289062,16.321304321289062,100
2022-06-07,16.434274673461914,16.434274673461914,16.434274673461914,16.434274673461914,100
2022-06-08,16.267568588256836,16.267568588256836,16.267568588256836,16.267568588256836,100
2022-06-09,16.012001037597656,16.012001037597656,16.012001037597656,16.012001037597656,100
2022-06-10,15.77434253692627,15.774342536926268,15.774342536926268,15.774342536926268,100
2022-06-13,15.67032241821289,15.670322418212892,15.670322418212892,15.670322418212892,100
2022-06-14,15.671701431274414,15.671701431274414,15.671701431274414,15.671701431274414,0
2022-06-15,15.66136646270752,15.66136646270752,15.66136646270752,15.66136646270752,100
2022-06-16,15.644145965576172,15.644145965576172,15.630369644378224,15.630369644378224,100
2022-06-17,15.70752239227295,15.70752239227295,15.65103487634831,15.65103487634831,1800
2022-06-21,15.981001853942871,15.981001853942873,15.981001853942873,15.981001853942873,100
2022-06-22,15.981001853942871,16.119464066493013,15.981001853942873,16.119464066493013,100
2022-06-23,16.076751708984375,16.076751708984375,15.919691158302058,15.919691158302058,100
2022-06-24,16.482494354248047,16.482494354248047,16.353676242265774,16.353676242265774,400
2022-06-27,16.429452896118164,16.429452896118164,16.429452896118164,16.429452896118164,100
2022-06-28,16.15459632873535,16.15459632873535,16.15459632873535,16.15459632873535,100
2022-06-29,16.120010375976562,16.120010375976562,16.120010375976562,16.120010375976562,0
2022-06-30,15.986504554748535,15.986504554748535,15.986504554748535,15.986504554748535,0
2022-07-01,16.13799285888672,16.13799285888672,16.13799285888672,16.13799285888672,0
2022-07-05,16.15251922607422,16.15251922607422,16.15251922607422,16.15251922607422,100
2022-07-06,16.204397201538086,16.204397201538086,16.204397201538086,16.204397201538086,100
2022-07-07,16.434051513671875,16.434051513671875,16.434051513671875,16.434051513671875,0
2022-07-08,16.423673629760742,16.423673629760742,16.423673629760742,16.423673629760742,100
2022-07-11,16.226533889770508,16.226533889770508,16.214083045154634,16.214083045154634,200
2022-07-12,16.09856605529785,16.09856605529785,16.09856605529785,16.09856605529785,100
2022-07-13,16.03285026550293,16.03285026550293,16.03285026550293,16.03285026550293,0
2022-07-14,15.981663703918457,15.981663703918457,15.981663703918457,15.981663703918457,100
2022-07-15,16.227224349975586,16.227224349975586,16.227224349975586,16.227224349975586,0
2022-07-18,16.11032485961914,16.11032485961914,16.11032485961914,16.11032485961914,100
2022-07-19,16.530895233154297,16.530895233154297,16.530895233154297,16.530895233154297,100
2022-07-20,16.623584747314453,16.623584747314453,16.623584747314453,16.623584747314453,0
2022-07-21,16.765390396118164,16.765390396118164,16.765390396118164,16.765390396118164,0
2022-07-22,16.60491180419922,16.60491180419922,16.60491180419922,16.60491180419922,0
2022-07-25,16.627737045288086,16.627737045288086,16.627737045288086,16.627737045288086,0
2022-07-26,16.458955764770508,16.458955764770508,16.44927162716971,16.44927162716971,600
2022-07-27,16.871915817260742,16.871915817260742,16.622202297802534,16.622202297802534,300
2022-07-28,17.05245590209961,17.05245590209961,16.97498280857614,16.97498280857614,500
2022-07-29,17.297327041625977,17.297327041625977,17.27173268681028,17.27173268681028,400
2022-08-01,17.245447158813477,17.341597177904994,17.154830555113442,17.154830555113442,600
2022-08-02,17.14307403564453,17.15483221464774,17.14307403564453,17.15483221464774,500
2022-08-03,17.41146469116211,17.41146469116211,17.41146469116211,17.41146469116211,200
2022-08-04,17.368576049804688,17.368576049804688,17.355433857029603,17.362351286677207,400
2022-08-05,17.348514556884766,17.348514556884766,17.300093873937012,17.300093873937012,300
2022-08-08,17.333297729492188,17.466108939609942,17.333297729492188,17.396935967065275,500
2022-08-09,17.251672744750977,17.251672744750977,17.251672744750977,17.251672744750977,300
2022-08-10,17.607912063598633,17.607912063598633,17.55603200693005,17.563642102216768,6900
2022-08-11,17.614139556884766,17.697837418099365,17.614139556884766,17.697837418099365,500
2022-08-12,17.903284072875977,17.903284072875977,17.742803113406048,17.742803113406048,300
2022-08-15,17.9835205078125,17.9835205078125,17.888063150036956,17.888063150036956,2200
2022-08-16,18.02364158630371,18.02364158630371,17.943401779056444,17.943401779056444,300
2022-08-17,17.892902374267578,17.892902374267578,17.888060306468287,17.888060306468287,400
2022-08-18,17.926799774169922,17.926799774169922,17.926799774169922,17.926799774169922,200
2022-08-19,17.711673736572266,17.711673736572266,17.711673736572266,17.711673736572266,200
2022-08-22,17.332605361938477,17.44535695290234,17.332605361938477,17.44535695290234,1000
2022-08-23,17.304935455322266,17.383099892920136,17.304935455322266,17.383099892920136,300
2022-08-24,17.351282119750977,17.36235027041225,17.351282119750977,17.36235027041225,200
2022-08-25,17.568485260009766,17.568485260009766,17.47302658311458,17.47302658311458,200
2022-08-26,17.01994514465332,17.52836499030284,17.01994514465332,17.52836499030284,800
2022-08-29,16.905118942260742,16.905118942260742,16.905118942260742,16.905118942260742,300
2022-08-30,16.684459686279297,16.684459686279297,16.684459686279297,16.684459686279297,200
2022-08-31,16.600067138671875,16.70590130532873,16.600067138671875,16.70590130532873,300
2022-09-01,16.59799575805664,16.59799575805664,16.59799575805664,16.59799575805664,200
2022-09-02,16.423673629760742,16.423673629760742,16.423673629760742,16.423673629760742,100
2022-09-06,16.35865592956543,16.35865592956543,16.35865592956543,16.35865592956543,300
2022-09-07,16.66854476928711,16.66854476928711,16.463101248383072,16.497688388270937,600
2022-09-08,16.76815414428711,16.76815414428711,16.76815414428711,16.76815414428711,100
2022-09-09,17.04623031616211,17.04623031616211,17.04623031616211,17.04623031616211,200
2022-09-12,17.19287872314453,17.19287872314453,17.19287872314453,17.19287872314453,200
2022-09-13,16.483854293823242,16.483854293823242,16.483854293823242,16.483854293823242,100
2022-09-14,16.518442153930664,16.518442153930664,16.518442153930664,16.518442153930664,100
2022-09-15,16.35312271118164,16.55994898936782,16.35312271118164,16.55994898936782,2200
2022-09-16,16.19471549987793,16.19471549987793,15.999647421118011,15.999647421118011,200
2022-09-19,16.263195037841797,16.263195037841797,16.228609211839437,16.23552664091285,1500
2022-09-20,16.12761878967285,16.12761878967285,16.12761878967285,16.12761878967285,100
2022-09-21,15.93739128112793,15.937391281127931,15.937391281127931,15.937391281127931,100
2022-09-22,15.80942153930664,15.80942153930664,15.80942153930664,15.80942153930664,100
2022-09-23,15.594988822937012,15.594988822937012,15.594988822937012,15.594988822937012,100
2022-09-26,15.528580665588379,15.528580665588379,15.528580665588379,15.528580665588379,100
2022-09-27,15.499530792236328,15.499530792236328,15.499530792236328,15.499530792236328,100
2022-09-28,15.712581634521484,15.712581634521484,15.712581634521484,15.712581634521484,100
2022-09-29,15.460793495178223,15.460793495178223,15.460793495178223,15.460793495178223,100
2022-09-30,15.303771018981934,15.303771018981934,15.303771018981934,15.303771018981934,100
2022-10-03,15.530656814575195,15.530656814575195,15.35634234311163,15.359800398135139,2100
2022-10-04,15.882051467895508,15.88205146789551,15.88205146789551,15.88205146789551,100
2022-10-05,15.860610961914062,15.860610961914062,15.860610961914062,15.860610961914062,100
2022-10-06,15.75754451751709,15.75754451751709,15.75754451751709,15.75754451751709,100
2022-10-07,15.426206588745117,15.426206588745117,15.426206588745117,15.426206588745117,100
2022-10-10,15.359109878540039,15.359109878540039,15.359109878540039,15.359109878540039,100
2022-10-11,15.286478042602539,15.28647804260254,15.28647804260254,15.28647804260254,100
2022-10-12,15.256731033325195,15.303769019692192,15.256731033325195,15.303769019692192,300
2022-10-13,15.517515182495117,15.517515182495117,15.501604962337137,15.501604962337137,800
2022-10-14,15.249815940856934,15.249815940856934,15.249815940856934,15.249815940856934,100
2022-10-17,15.50229549407959,15.502295494079588,15.502295494079588,15.502295494079588,100
2022-10-18,15.6088228225708,15.722957111230544,15.608822822570799,15.722957111230544,900
2022-10-19,15.5361909866333,15.536190986633303,15.508522587004116,15.508522587004116,100
2022-10-20,15.449725151062012,15.44972515106201,15.44972515106201,15.44972515106201,100
2022-10-21,15.7167329788208,15.7167329788208,15.7167329788208,15.7167329788208,100
2022-10-24,15.849544525146484,15.849544525146483,15.849544525146483,15.849544525146483,100
2022-10-25,16.051528930664062,16.051528930664062,16.051528930664062,16.051528930664062,100
2022-10-26,15.949843406677246,15.949843406677244,15.949843406677244,15.949843406677244,100
2022-10-27,15.844701766967773,15.844701766967773,15.844701766967773,15.844701766967773,100
2022-10-28,16.17949676513672,16.17949676513672,16.17949676513672,16.17949676513672,100
2022-10-31,16.06674575805664,16.06674575805664,16.06674575805664,16.06674575805664,100
2022-11-01,16.00725555419922,16.00725555419922,16.00725555419922,16.00725555419922,100
2022-11-02,15.667619705200195,15.667619705200195,15.667619705200195,15.667619705200195,100
2022-11-03,15.503678321838379,15.503678321838379,15.503678321838379,15.503678321838379,100
2022-11-04,15.650325775146484,15.650325775146484,15.494686912404674,15.494686912404674,200
2022-11-07,15.781752586364746,15.781752586364746,15.674534421556707,15.674534421556707,200
2022-11-08,15.876521110534668,15.876521110534668,15.876521110534668,15.876521110534668,100
2022-11-09,15.5942964553833,15.594296455383299,15.594296455383299,15.594296455383299,100
2022-11-10,16.34205436706543,16.34205436706543,16.34205436706543,16.34205436706543,100
2022-11-11,16.490081787109375,16.490081787109375,16.490081787109375,16.490081787109375,100
2022-11-14,16.360727310180664,16.360727310180664,16.360727310180664,16.360727310180664,100
2022-11-15,16.476938247680664,16.476938247680664,16.476938247680664,16.476938247680664,100
2022-11-16,16.37041473388672,16.393933731053522,16.37041473388672,16.393933731053522,100
2022-11-17,16.277719497680664,16.277719497680664,16.186411554685808,16.186411554685808,200
2022-11-18,16.35243034362793,16.35243034362793,16.35243034362793,16.35243034362793,100
2022-11-21,16.31230926513672,16.31230926513672,16.31230926513672,16.31230926513672,100
2022-11-22,16.515676498413086,16.515676498413086,16.515676498413086,16.515676498413086,100
2022-11-23,16.600067138671875,16.600067138671875,16.600067138671875,16.600067138671875,100
2022-11-25,16.611825942993164,16.611825942993164,16.611825942993164,16.611825942993164,100
2022-11-28,16.357269287109375,16.357269287109375,16.357269287109375,16.357269287109375,100
2022-11-29,16.330293655395508,16.330293655395508,16.330293655395508,16.330293655395508,100
2022-11-30,16.801359176635742,16.801359176635742,16.801359176635742,16.801359176635742,100
2022-12-01,16.831106185913086,16.831106185913086,16.831106185913086,16.831106185913086,100
2022-12-02,16.79859161376953,16.79859161376953,16.79859161376953,16.79859161376953,100
2022-12-05,16.506683349609375,16.511525417894664,16.49215582538885,16.50460798900644,4300
2022-12-06,16.26457977294922,16.34551092603262,16.26457977294922,16.34551092603262,1000
2022-12-07,16.238985061645508,16.238985061645508,16.238985061645508,16.238985061645508,100
2022-12-08,16.34758758544922,16.34758758544922,16.34758758544922,16.34758758544922,100
2022-12-09,16.24244499206543,16.24244499206543,16.24244499206543,16.24244499206543,100
2022-12-12,16.445812225341797,16.445812225341797,16.4008495925422,16.4008495925422,2800
2022-12-13,16.594532012939453,16.90995911958326,16.56686361660597,16.90995911958326,300
2022-12-14,16.508068084716797,16.508068084716797,16.497692599784035,16.497692599784035,100
2022-12-15,16.07366180419922,16.082654593987627,16.06951240222085,16.082654593987627,200
2022-12-16,15.888280868530273,15.888280868530273,15.888280868530273,15.888280868530273,100
2022-12-19,15.751317024230957,15.751317024230957,15.751317024230957,15.751317024230957,100
2022-12-20,15.742324829101562,15.742324829101562,15.742324829101562,15.742324829101562,100
2022-12-21,15.91248893737793,15.91248893737793,15.91248893737793,15.91248893737793,100
2022-12-22,15.731948852539062,15.731948852539062,15.64686698191558,15.653783091609133,1400
2022-12-23,15.802504539489746,15.802504539489744,15.802504539489744,15.802504539489744,100
2022-12-27,15.749241828918457,15.749241828918457,15.749241828918457,15.749241828918457,100
2022-12-28,15.594988822937012,15.594988822937012,15.594988822937012,15.594988822937012,100
2022-12-29,15.81572437286377,15.81572437286377,15.81572437286377,15.81572437286377,100
2022-12-30,15.760019302368164,15.760019302368164,15.691779334277623,15.691779334277623,1500
2023-01-03,15.714756965637207,15.714756965637207,15.714756965637207,15.714756965637207,100
2023-01-04,15.787174224853516,15.787174224853516,15.787174224853516,15.787174224853516,100
2023-01-05,15.640249252319336,15.640249252319336,15.640249252319336,15.640249252319336,100
2023-01-06,15.940367698669434,15.940367698669434,15.940367698669434,15.940367698669434,100
2023-01-09,15.94315242767334,15.94315242767334,15.94315242767334,15.94315242767334,100
2023-01-10,16.021141052246094,16.021141052246094,16.021141052246094,16.021141052246094,100
2023-01-11,16.20636558532715,16.20636558532715,16.20636558532715,16.20636558532715,100
2023-01-12,16.25301742553711,16.25301742553711,16.25301742553711,16.25301742553711,100
2023-01-13,16.316387176513672,16.316387176513672,16.189655799749875,16.20358270413832,900
2023-01-17,16.279478073120117,16.279478073120117,16.279478073120117,16.279478073120117,100
2023-01-18,16.046905517578125,16.046905517578125,16.046905517578125,16.046905517578125,100
2023-01-19,15.94315242767334,15.94315242767334,15.94315242767334,15.94315242767334,500
2023-01-20,16.209150314331055,16.209150314331055,15.89023142736146,15.92504868270415,5100
2023-01-23,16.39228630065918,16.39228630065918,16.39228630065918,16.39228630065918,0
2023-01-24,16.375574111938477,16.375574111938477,16.349809474378308,16.356772925830853,5700
2023-01-25,16.358163833618164,16.358163833618164,16.358163833618164,16.358163833618164,100
2023-01-26,16.53015899658203,16.53015899658203,16.53015899658203,16.53015899658203,100
2023-01-27,16.582382202148438,16.582382202148438,16.53781770923689,16.53781770923689,100
2023-01-30,16.369304656982422,16.369304656982422,16.369304656982422,16.369304656982422,100
2023-01-31,16.587257385253906,16.587257385253906,16.587257385253906,16.587257385253906,0
2023-02-01,16.762035369873047,16.762035369873047,16.762035369873047,16.762035369873047,100
2023-02-02,17.002267837524414,17.002267837524414,17.002267837524414,17.002267837524414,100
2023-02-03,16.851165771484375,16.851165771484375,16.851165771484375,16.851165771484375,100
2023-02-06,16.73766326904297,16.73766326904297,16.73766326904297,16.73766326904297,100
2023-02-07,16.957006454467773,16.957006454467773,16.957006454467773,16.957006454467773,100
2023-02-08,16.76412582397461,16.76412582397461,16.76412582397461,16.76412582397461,100
2023-02-09,16.628339767456055,16.628339767456055,16.628339767456055,16.628339767456055,100
2023-02-10,16.662460327148438,16.662460327148438,16.662460327148438,16.662460327148438,100
2023-02-13,16.83097267150879,16.83097267150879,16.83097267150879,16.83097267150879,100
2023-02-14,16.859521865844727,16.859521865844727,16.859521865844727,16.859521865844727,100
2023-02-15,16.86717987060547,16.86717987060547,16.86717987060547,16.86717987060547,100
2023-02-16,16.667335510253906,16.667335510253906,16.667335510253906,16.667335510253906,100
2023-02-17,16.614412307739258,16.614412307739258,16.614412307739258,16.614412307739258,100
2023-02-21,16.29201316833496,16.29201316833496,16.29201316833496,16.29201316833496,100
2023-02-22,16.255107879638672,16.255107879638672,16.255107879638672,16.255107879638672,100
2023-02-23,16.350505828857422,16.350505828857422,16.350505828857422,16.350505828857422,100
2023-02-24,16.167369842529297,16.167369842529297,16.167369842529297,16.167369842529297,100
2023-02-27,16.218896865844727,16.238393995158134,16.218896865844727,16.238393995158134,1400
2023-02-28,16.202882766723633,16.202882766723633,16.202882766723633,16.202882766723633,100
2023-03-01,16.113056182861328,16.154836888323207,16.113056182861328,16.147873437412894,1400
2023-03-02,16.21402359008789,16.21402359008789,16.21402359008789,16.21402359008789,100
2023-03-03,16.476539611816406,16.476539611816406,16.476539611816406,16.476539611816406,100
2023-03-06,16.491165161132812,16.491165161132812,16.491165161132812,16.491165161132812,100
2023-03-07,16.243270874023438,16.243270874023438,16.243270874023438,16.243270874023438,100
2023-03-08,16.262069702148438,16.262069702148438,16.262069702148438,16.262069702148438,100
2023-03-09,15.975879669189453,16.321955063726232,15.975879669189453,16.321955063726232,200
2023-03-10,15.729379653930664,15.729379653930664,15.729379653930664,15.729379653930664,100
2023-03-13,15.712667465209961,15.876303910485804,15.712667465209961,15.876303910485804,300
2023-03-14,15.957079887390137,15.957079887390137,15.957079887390137,15.957079887390137,100
2023-03-15,15.820598602294922,15.82059860229492,15.82059860229492,15.82059860229492,100
2023-03-16,16.14090919494629,16.14090919494629,16.14090919494629,16.14090919494629,0
2023-03-17,15.989110946655273,15.989110946655275,15.989110946655275,15.989110946655275,100
2023-03-20,16.07197380065918,16.07197380065918,16.07197380065918,16.07197380065918,100
2023-03-21,16.230735778808594,16.230735778808594,16.230735778808594,16.230735778808594,100
2023-03-22,16.026710510253906,16.217504793673548,16.026710510253906,16.217504793673548,200
2023-03-23,16.055957794189453,16.055957794189453,16.055957794189453,16.055957794189453,100
2023-03-24,16.09356117248535,16.09356117248535,16.09356117248535,16.09356117248535,100
2023-03-27,16.120718002319336,16.126985507522956,16.120718002319336,16.126985507522956,400
2023-03-28,16.078937530517578,16.078937530517578,16.078937530517578,16.078937530517578,100
2023-03-29,16.276691436767578,16.30106284710601,16.22446622710394,16.245356576597846,1800
2023-03-30,16.364431381225586,16.38392851291246,16.364431381225586,16.38392851291246,100
2023-03-31,16.57959747314453,16.57959747314453,16.57959747314453,16.57959747314453,100
2023-04-03,16.64087677001953,16.64087677001953,16.64087677001953,16.64087677001953,100
2023-04-04,16.542692184448242,16.542692184448242,16.542692184448242,16.542692184448242,100
2023-04-05,16.511356353759766,16.511356353759766,16.511356353759766,16.511356353759766,100
2023-04-06,16.55592155456543,16.55592155456543,16.55592155456543,16.55592155456543,100
2023-04-10,16.55801010131836,16.55801010131836,16.55801010131836,16.55801010131836,100
2023-04-11,16.56706428527832,16.56706428527832,16.56706428527832,16.56706428527832,100
2023-04-12,16.4974308013916,16.4974308013916,16.4974308013916,16.4974308013916,100
2023-04-13,16.70981216430664,16.70981216430664,16.70981216430664,16.70981216430664,100
2023-04-14,16.673599243164062,16.673599243164062,16.673599243164062,16.673599243164062,100
2023-04-17,16.71886444091797,16.71886444091797,16.71886444091797,16.71886444091797,100
2023-04-18,16.745323181152344,16.745323181152344,16.745323181152344,16.745323181152344,100
2023-04-19,16.732091903686523,16.732091903686523,16.732091903686523,16.732091903686523,100
2023-04-20,16.64017677307129,16.64017677307129,16.64017677307129,16.64017677307129,100
2023-04-21,16.658283233642578,16.658283233642578,16.658283233642578,16.658283233642578,100
2023-04-24,16.662460327148438,16.662460327148438,16.662460327148438,16.662460327148438,100
2023-04-25,16.4312801361084,16.4312801361084,16.4312801361084,16.4312801361084,100
2023-04-26,16.365127563476562,16.40969205345924,16.365127563476562,16.40969205345924,100
2023-04-27,16.652713775634766,16.652713775634766,16.652713775634766,16.652713775634766,100
2023-04-28,16.780139923095703,16.780139923095703,16.780139923095703,16.780139923095703,100
2023-05-01,16.78571319580078,16.78571319580078,16.78571319580078,16.78571319580078,100
2023-05-02,16.599790573120117,16.599790573120117,16.599790573120117,16.599790573120117,100
2023-05-03,16.478628158569336,16.478628158569336,16.478628158569336,16.478628158569336,100
2023-05-04,16.374181747436523,16.419443520175857,16.374181747436523,16.419443520175857,700
2023-05-05,16.65201759338379,16.65201759338379,16.65201759338379,16.65201759338379,100
2023-05-08,16.663850784301758,16.663850784301758,16.663850784301758,16.663850784301758,100
2023-05-09,16.592830657958984,16.592830657958984,16.592830657958984,16.592830657958984,100
2023-05-10,16.654802322387695,16.654802322387695,16.654802322387695,16.654802322387695,100
2023-05-11,16.632518768310547,16.632518768310547,16.632518768310547,16.632518768310547,100
2023-05-12,16.606754302978516,16.606754302978516,16.606754302978516,16.606754302978516,100
2023-05-15,16.647140502929688,16.647140502929688,16.647140502929688,16.647140502929688,100
2023-05-16,16.55870819091797,16.55870819091797,16.55870819091797,16.55870819091797,100
2023-05-17,16.73069953918457,16.73069953918457,16.73069953918457,16.73069953918457,100
2023-05-18,16.90617561340332,16.90617561340332,16.816349351487688,16.816349351487688,100
2023-05-19,16.889463424682617,16.889463424682617,16.889463424682617,16.889463424682617,0
2023-05-22,16.88249969482422,16.88249969482422,16.88249969482422,16.88249969482422,100
2023-05-23,16.7070255279541,16.7070255279541,16.7070255279541,16.7070255279541,100
2023-05-24,16.57959747314453,16.57959747314453,16.57959747314453,16.57959747314453,100
2023-05-25,16.723737716674805,16.723737716674805,16.723737716674805,16.723737716674805,100
2023-05-26,16.94516944885254,16.94516944885254,16.94516944885254,16.94516944885254,100
2023-05-30,16.924278259277344,16.924278259277344,16.924278259277344,16.924278259277344,100
2023-05-31,16.843505859375,16.843505859375,16.816349329648332,16.816349329648332,100
2023-06-01,16.989734649658203,16.989734649658203,16.989734649658203,16.989734649658203,100
2023-06-02,17.25016212463379,17.25016212463379,17.25016212463379,17.25016212463379,100
2023-06-05,17.211864471435547,17.211864471435547,17.211864471435547,17.211864471435547,100
2023-06-06,17.255037307739258,17.255037307739258,17.255037307739258,17.255037307739258,100
2023-06-07,17.18122673034668,17.18122673034668,17.18122673034668,17.18122673034668,100
2023-06-08,17.29542350769043,17.29542350769043,17.29542350769043,17.29542350769043,100
2023-06-09,17.325366973876953,17.325366973876953,17.325366973876953,17.325366973876953,100
2023-06-12,17.459060668945312,17.459060668945312,17.459060668945312,17.459060668945312,100
2023-06-13,17.58439826965332,17.58439826965332,17.58439826965332,17.58439826965332,100
2023-06-14,17.582311630249023,17.582311630249023,17.582311630249023,17.582311630249023,100
2023-06-15,17.821847915649414,17.821847915649414,17.821847915649414,17.821847915649414,100
2023-06-16,17.782852172851562,17.782852172851562,17.782852172851562,17.782852172851562,100
2023-06-20,17.694419860839844,17.694419860839844,17.694419860839844,17.694419860839844,100
2023-06-21,17.601112365722656,17.601112365722656,17.601112365722656,17.601112365722656,100
2023-06-22,17.64080238342285,17.64080238342285,17.64080238342285,17.64080238342285,100
2023-06-23,17.53844451904297,17.53844451904297,17.53844451904297,17.53844451904297,100
2023-06-26,17.468809127807617,17.468809127807617,17.468809127807617,17.468809127807617,100
2023-06-27,17.627574920654297,17.627574920654297,17.627574920654297,17.627574920654297,100
2023-06-28,17.59623908996582,17.59623908996582,17.59623908996582,17.59623908996582,100
2023-06-29,17.6871337890625,17.6871337890625,17.6871337890625,17.6871337890625,100
2023-06-30,17.90877342224121,17.90877342224121,17.90877342224121,17.90877342224121,100
2023-07-03,17.906673431396484,17.906673431396484,17.906673431396484,17.906673431396484,100
2023-07-05,17.884998321533203,17.884998321533203,17.884998321533203,17.884998321533203,100
2023-07-06,17.761943817138672,17.761943817138672,17.761943817138672,17.761943817138672,0
2023-07-07,17.715099334716797,17.715099334716797,17.715099334716797,17.715099334716797,100
2023-07-10,17.728384017944336,17.728384017944336,17.647278461426097,17.647278461426097,900
2023-07-11,17.85283660888672,17.85283660888672,17.85283660888672,17.85283660888672,100
2023-07-12,17.9668025970459,17.9668025970459,17.9668025970459,17.9668025970459,100
2023-07-13,18.112930297851562,18.112930297851562,18.010850233342204,18.010850233342204,100
2023-07-14,18.085662841796875,18.085662841796875,18.085662841796875,18.085662841796875,100
2023-07-17,18.17026710510254,18.17026710510254,18.17026710510254,18.17026710510254,100
2023-07-18,18.290523529052734,18.290523529052734,18.21361340812074,18.21361340812074,100
2023-07-19,18.33247184753418,18.33247184753418,18.33247184753418,18.33247184753418,100
2023-07-20,18.20941925048828,18.313597044204247,18.20941925048828,18.313597044204247,1000
2023-07-21,18.221303939819336,18.221303939819336,18.221303939819336,18.221303939819336,100
2023-07-24,18.277240753173828,18.277240753173828,18.277240753173828,18.277240753173828,100
2023-07-25,18.33876609802246,18.33876609802246,18.33876609802246,18.33876609802246,100
2023-07-26,18.30870246887207,18.30870246887207,18.30870246887207,18.30870246887207,100
2023-07-27,18.21710968017578,18.21710968017578,18.21710968017578,18.21710968017578,100
2023-07-28,18.38561248779297,18.38561248779297,18.38561248779297,18.38561248779297,100
2023-07-31,18.386310577392578,18.386310577392578,18.386310577392578,18.386310577392578,100
2023-08-01,18.36603355407715,18.36603355407715,18.36603355407715,18.36603355407715,100
2023-08-02,18.12971305847168,18.12971305847168,18.12971305847168,18.12971305847168,100
2023-08-03,18.091257095336914,18.091257095336914,18.059793986175812,18.08076983680926,400
2023-08-04,17.98638153076172,17.98638153076172,17.98638153076172,17.98638153076172,100
2023-08-07,18.13740348815918,18.13740348815918,18.13740348815918,18.13740348815918,100
2023-08-08,18.066085815429688,18.066085815429688,18.066085815429688,18.066085815429688,100
2023-08-09,17.943729400634766,17.943729400634766,17.943729400634766,17.943729400634766,100
2023-08-10,17.947227478027344,17.947227478027344,17.947227478027344,17.947227478027344,100
2023-08-11,17.913665771484375,17.913665771484375,17.913665771484375,17.913665771484375,100
2023-08-14,18.001062393188477,18.001062393188477,18.001062393188477,18.001062393188477,100
2023-08-15,17.82906723022461,17.82906723022461,17.82906723022461,17.82906723022461,100
2023-08-16,17.70321273803711,17.70321273803711,17.70321273803711,17.70321273803711,100
2023-08-17,17.587148666381836,17.587148666381836,17.587148666381836,17.587148666381836,100
2023-08-18,17.554288864135742,17.554288864135742,17.554288864135742,17.554288864135742,100
2023-08-21,17.67664337158203,17.67664337158203,17.67664337158203,17.67664337158203,0
2023-08-22,17.62490463256836,17.62490463256836,17.619311605889617,17.619311605889617,200
2023-08-23,17.7948055267334,17.7948055267334,17.7948055267334,17.7948055267334,100
2023-08-24,17.59134292602539,17.59134292602539,17.59134292602539,17.59134292602539,100
2023-08-25,17.690628051757812,17.690628051757812,17.668254610594353,17.668254610594353,2000
2023-08-28,17.79620361328125,17.79620361328125,17.79620361328125,17.79620361328125,100
2023-08-29,18.043012619018555,18.043012619018555,18.043012619018555,18.043012619018555,100
2023-08-30,18.11153221130371,18.11153221130371,18.11153221130371,18.11153221130371,100
2023-08-31,18.108736038208008,18.108736038208008,18.108736038208008,18.108736038208008,100
2023-09-01,18.12411880493164,18.12411880493164,18.12411880493164,18.12411880493164,100
2023-09-05,18.057697296142578,18.057697296142578,18.057697296142578,18.057697296142578,100
2023-09-06,17.91995620727539,17.91995620727539,17.843047428297083,17.843047428297083,100
2023-09-07,17.871017456054688,17.871017456054688,17.871017456054688,17.871017456054688,100
2023-09-08,17.885696411132812,17.885696411132812,17.885696411132812,17.885696411132812,100
2023-09-11,18.005258560180664,18.005258560180664,18.005258560180664,18.005258560180664,100
2023-09-12,17.917160034179688,17.917160034179688,17.917160034179688,17.917160034179688,100
2023-09-13,17.93743896484375,17.93743896484375,17.93743896484375,17.93743896484375,200
2023-09-14,18.089160919189453,18.089160919189453,18.089160919189453,18.089160919189453,100
2023-09-15,17.880802154541016,17.880802154541016,17.880802154541016,17.880802154541016,100
2023-09-18,17.880104064941406,17.880104064941406,17.880104064941406,17.880104064941406,100
2023-09-19,17.85213851928711,17.85213851928711,17.85213851928711,17.85213851928711,100
2023-09-20,17.713001251220703,17.745163155802956,17.713001251220703,17.745163155802956,200
2023-09-21,17.46759033203125,17.46759033203125,17.46759033203125,17.46759033203125,100
2023-09-22,17.42633628845215,17.42633628845215,17.42633628845215,17.42633628845215,100
2023-09-25,17.471784591674805,17.471784591674805,17.471784591674805,17.471784591674805,100
2023-09-26,17.291397094726562,17.291397094726562,17.291397094726562,17.291397094726562,100
2023-09-27,17.27601432800293,17.27601432800293,17.27601432800293,17.27601432800293,100
2023-09-28,17.352924346923828,17.352924346923828,17.352924346923828,17.352924346923828,100
2023-09-29,17.308876037597656,17.308876037597656,17.308876037597656,17.308876037597656,100
2023-10-02,17.29838752746582,17.29838752746582,17.29838752746582,17.29838752746582,100
2023-10-03,17.1298885345459,17.1298885345459,17.1298885345459,17.1298885345459,200
2023-10-04,17.234764099121094,17.234764099121094,17.234764099121094,17.234764099121094,100
2023-10-05,17.21099090576172,17.21099090576172,17.21099090576172,17.21099090576172,0
2023-10-06,17.379491806030273,17.379491806030273,17.379491806030273,17.379491806030273,100
2023-10-09,17.460596084594727,17.460596084594727,17.460596084594727,17.460596084594727,0
2023-10-10,17.5382080078125,17.5382080078125,17.5382080078125,17.5382080078125,100
2023-10-11,17.595539093017578,17.595539093017578,17.595539093017578,17.595539093017578,100
2023-10-12,17.50115203857422,17.50115203857422,17.50115203857422,17.50115203857422,100
2023-10-13,17.44521713256836,17.44521713256836,17.44521713256836,17.44521713256836,100
2023-10-16,17.608125686645508,17.608125686645508,17.608125686645508,17.608125686645508,100
2023-10-17,17.5843505859375,17.5843505859375,17.5843505859375,17.5843505859375,100
2023-10-18,17.39837074279785,17.39837074279785,17.39837074279785,17.39837074279785,100
2023-10-19,17.296289443969727,17.296289443969727,17.296289443969727,17.296289443969727,100
2023-10-20,17.115901947021484,17.115901947021484,17.115901947021484,17.115901947021484,100
2023-10-23,17.066261291503906,17.066261291503906,17.066261291503906,17.066261291503906,100
2023-10-24,17.153657913208008,17.153657913208008,17.153657913208008,17.153657913208008,100
2023-10-25,16.96278190612793,16.96278190612793,16.96278190612793,16.96278190612793,100
2023-10-26,16.81525421142578,16.81525421142578,16.81525421142578,16.81525421142578,100
2023-10-27,16.742538452148438,16.742538452148438,16.742538452148438,16.742538452148438,100
2023-10-30,16.8551082611084,16.8551082611084,16.850214029485507,16.850214029485507,600
2023-10-31,16.93341636657715,16.93341636657715,16.93341636657715,16.93341636657715,100
2023-11-01,17.063465118408203,17.101918845779142,17.063465118408203,17.101918845779142,100
2023-11-02,17.34173583984375,17.34173583984375,17.34173583984375,17.34173583984375,100
2023-11-03,17.492061614990234,17.492061614990234,17.492061614990234,17.492061614990234,100
2023-11-06,17.494855880737305,17.494855880737305,17.494855880737305,17.494855880737305,100
2023-11-07,17.543102264404297,17.543102264404297,17.543102264404297,17.543102264404297,100
2023-11-08,17.56757164001465,17.56757164001465,17.56757164001465,17.56757164001465,100
2023-11-09,17.431930541992188,17.431930541992188,17.431930541992188,17.431930541992188,100
2023-11-10,17.68922996520996,17.68922996520996,17.68922996520996,17.68922996520996,100
2023-11-13,17.675247192382812,17.675247192382812,17.675247192382812,17.675247192382812,0
2023-11-14,17.998964309692383,17.998964309692383,17.998964309692383,17.998964309692383,100
2023-11-15,18.03812026977539,18.03812026977539,18.03812026977539,18.03812026977539,100
2023-11-16,18.056299209594727,18.056299209594727,18.056299209594727,18.056299209594727,100
2023-11-17,18.084964752197266,18.094753216216805,18.084964752197266,18.094753216216805,100
2023-11-20,18.214313507080078,18.214313507080078,18.214313507080078,18.214313507080078,100
2023-11-21,18.1800537109375,18.1800537109375,18.1800537109375,18.1800537109375,100
2023-11-22,18.256961822509766,18.256961822509766,18.256961822509766,18.256961822509766,100
2023-11-24,18.249271392822266,18.249271392822266,18.249271392822266,18.249271392822266,100
2023-11-27,18.228296279907227,18.228296279907227,18.228296279907227,18.228296279907227,100
2023-11-28,18.256261825561523,18.256261825561523,18.256261825561523,18.256261825561523,500
2023-11-29,18.227598190307617,18.227598190307617,18.227598190307617,18.227598190307617,100
2023-11-30,18.30171012878418,18.30171012878418,18.30171012878418,18.30171012878418,100
2023-12-01,18.40938377380371,18.451334142127187,18.381417306114113,18.451334142127187,900
2023-12-04,18.311500549316406,18.311500549316406,18.311500549316406,18.311500549316406,100
2023-12-05,18.293319702148438,18.293319702148438,18.293319702148438,18.293319702148438,100
2023-12-06,18.221303939819336,18.221303939819336,18.221303939819336,18.221303939819336,100
2023-12-07,18.374425888061523,18.374425888061523,18.374425888061523,18.374425888061523,100
2023-12-08,18.4520320892334,18.4520320892334,18.409381597415724,18.409381597415724,500
2023-12-11,18.519155502319336,18.519155502319336,18.519155502319336,18.519155502319336,100
2023-12-12,18.60165786743164,18.60165786743164,18.60165786743164,18.60165786743164,100
2023-12-13,18.841476440429688,18.841476440429688,18.619136954451637,18.619136954451637,200
2023-12-14,18.879230499267578,18.879230499267578,18.863847676932128,18.863847676932128,200
2023-12-15,18.94076156616211,18.96872803617055,18.92467994574192,18.954745467955465,12100
2023-12-18,19.002986907958984,19.002986907958984,19.002986907958984,19.002986907958984,100
2023-12-19,19.089685440063477,19.12953942511977,19.089685440063477,19.12953942511977,1700
2023-12-20,18.876434326171875,19.080595802426174,18.876434326171875,19.080595802426174,400
2023-12-21,19.02326202392578,19.02326202392578,19.02326202392578,19.02326202392578,100
2023-12-22,19.05472755432129,19.1365319116843,19.05472755432129,19.05962178651982,1700
2023-12-26,19.123245239257812,19.123245239257812,19.123245239257812,19.123245239257812,100
2023-12-27,19.12674331665039,19.129539830233558,19.12674331665039,19.129539830233558,200
2023-12-28,19.14786720275879,19.195044647496065,19.14786720275879,19.195044647496065,200
2023-12-29,19.09505271911621,19.138710013602005,19.09505271911621,19.138710013602005,200
2024-01-02,18.985206604003906,19.004922629131414,18.985206604003906,19.004922629131414,1100
2024-01-03,18.85845947265625,18.85845947265625,18.85845947265625,18.85845947265625,100
2024-01-04,18.80142593383789,18.80142593383789,18.80142593383789,18.80142593383789,100
2024-01-05,18.821142196655273,18.821142196655273,18.821142196655273,18.821142196655273,100
2024-01-08,19.062665939331055,19.062665939331055,19.062665939331055,19.062665939331055,100
2024-01-09,19.040132522583008,19.082380959866573,19.040132522583008,19.082380959866573,200
2024-01-10,19.12955665588379,19.12955665588379,19.057734184759287,19.08237921617718,400
2024-01-11,19.126741409301758,19.126741409301758,19.126741409301758,19.126741409301758,100
2024-01-12,19.145048141479492,19.152794874256923,19.13166998523886,19.152794874256923,400
2024-01-16,19.066184997558594,19.11758768800793,19.066184997558594,19.11758768800793,200
2024-01-17,18.985206604003906,18.985206604003906,18.985206604003906,18.985206604003906,200
2024-01-18,19.136598587036133,19.136598587036133,19.061254628490513,19.061254628490513,300
2024-01-19,19.35910987854004,19.385163774686824,19.35910987854004,19.385163774686824,300
2024-01-22,19.407695770263672,19.407695770263672,19.407695770263672,19.407695770263672,100
2024-01-23,19.45909881591797,19.47670221896887,19.441495412867063,19.441495412867063,1900
2024-01-24,19.481630325317383,19.635134625212963,19.481630325317383,19.603447963964122,8400
2024-01-25,19.57457733154297,19.58232272094296,19.561199175861802,19.561199175861802,500
2024-01-26,19.557680130004883,19.57528353412018,19.557680130004883,19.57528353412018,400
2024-01-29,19.842859268188477,19.842859268188477,19.568242415113,19.581620571894785,9100
2024-01-30,19.692171096801758,19.73019562948856,19.692171096801758,19.73019562948856,200
2024-01-31,19.409101486206055,19.5435935119833,19.409101486206055,19.5435935119833,400
2024-02-01,19.606969833374023,19.606969833374023,19.606969833374023,19.606969833374023,100
2024-02-02,19.847787857055664,19.856942110113106,19.835817220685215,19.842858850494512,9700
2024-02-05,19.782302856445312,19.782302856445312,19.782302856445312,19.782302856445312,100
2024-02-06,19.797088623046875,19.797088623046875,19.797088623046875,19.797088623046875,100
2024-02-07,19.956928253173828,19.956928253173828,19.956928253173828,19.956928253173828,100
2024-02-08,19.97382926940918,19.97382926940918,19.97382926940918,19.97382926940918,100
2024-02-09,20.091421127319336,20.110432048536488,20.091421127319336,20.110432048536488,500
2024-02-12,20.07381820678711,20.07381820678711,20.07381820678711,20.07381820678711,100
2024-02-13,19.806243896484375,19.806243896484375,19.806243896484375,19.806243896484375,100
2024-02-14,19.988615036010742,19.988615036010742,19.988615036010742,19.988615036010742,100
2024-02-15,20.11536407470703,20.11536407470703,20.11536407470703,20.11536407470703,100
2024-02-16,20.01959800720215,20.01959800720215,20.01959800720215,20.01959800720215,100
2024-02-20,19.88722038269043,19.88722038269043,19.88722038269043,19.88722038269043,100
2024-02-21,19.928062438964844,19.928062438964844,19.835818826962925,19.835818826962925,300
2024-02-22,20.356182098388672,20.356182098388672,20.233660693706316,20.233660693706316,200
2024-02-23,20.37378692626953,20.37378692626953,20.37378692626953,20.37378692626953,100
2024-02-26,20.30196189880371,20.30196189880371,20.30196189880371,20.30196189880371,100
2024-02-27,20.31815528869629,20.31815528869629,20.300551887569465,20.300551887569465,200
2024-02-28,20.270275115966797,20.293511284295917,20.270275115966797,20.293511284295917,200
2024-02-29,20.41180992126465,20.41180992126465,20.307595680326905,20.392092551959834,400
2024-03-01,20.557567596435547,20.557567596435547,20.46250760808882,20.46250760808882,500
2024-03-04,20.529401779174805,20.582211986794093,20.529401779174805,20.582211986794093,400
2024-03-05,20.31886100769043,20.31886100769043,20.237179182544658,20.237179182544658,300
2024-03-06,20.432933807373047,20.432933807373047,20.392092891007742,20.392092891007742,300
2024-03-07,20.644880294799805,20.644880294799805,20.644880294799805,20.644880294799805,200
2024-03-08,20.516021728515625,20.516021728515625,20.516021728515625,20.516021728515625,100
2024-03-11,20.47588539123535,20.47588539123535,20.47588539123535,20.47588539123535,100
2024-03-12,20.719520568847656,20.719520568847656,20.719520568847656,20.719520568847656,100
2024-03-13,20.67234230041504,20.71107059058819,20.67234230041504,20.694874708662887,2200
2024-03-14,20.60685920715332,20.60685920715332,20.60685920715332,20.60685920715332,100
2024-03-15,20.492080688476562,20.492080688476562,20.492080688476562,20.492080688476562,100
2024-03-18,20.60685920715332,20.694877572252118,20.60685920715332,20.694877572252118,600
2024-03-19,20.69980239868164,20.69980239868164,20.69980239868164,20.69980239868164,100
2024-03-20,20.84978675842285,20.88499356049336,20.84978675842285,20.88499356049336,700
2024-03-21,20.96456527709961,21.089199305391865,20.96456527709961,21.032867609482835,31200
2024-03-22,20.92302131652832,20.92302131652832,20.92302131652832,20.92302131652832,100
2024-03-25,20.844152450561523,20.913159877124848,20.844152450561523,20.913159877124848,200
2024-03-26,20.7723331451416,20.896967176245738,20.7723331451416,20.84274810237992,1600
2024-03-27,20.94696044921875,20.94696044921875,20.884995986876504,20.884995986876504,500
2024-03-28,20.999771118164062,21.011741754088042,20.920201913034923,20.920201913034923,1200
2024-04-01,20.946256637573242,21.03990776245101,20.946256637573242,21.03990776245101,7800
2024-04-02,20.80542755126953,20.80542755126953,20.756136143720315,20.77233202622041,3600
2024-04-03,20.820215225219727,20.842747634975687,20.820215225219727,20.842747634975687,300
2024-04-04,20.611783981323242,20.611783981323242,20.611783981323242,20.611783981323242,100
2024-04-05,20.819509506225586,20.819509506225586,20.819509506225586,20.819509506225586,100
2024-04-08,20.790639877319336,20.790639877319336,20.790639877319336,20.790639877319336,100
2024-04-09,20.794864654541016,20.794864654541016,20.680793744949177,20.70191729106805,8000
2024-04-10,20.649812698364258,20.666712342610083,20.649812698364258,20.666712342610083,300
2024-04-11,20.80613136291504,20.80613136291504,20.80613136291504,20.80613136291504,100
2024-04-12,20.504758834838867,20.65967067323711,20.504758834838867,20.65967067323711,300
2024-04-15,20.279428482055664,20.314636629935126,20.26534656595739,20.307595000359235,18000
2024-04-16,20.237178802490234,20.237178802490234,20.22309554420497,20.2301371733476,44800
2024-04-17,20.134374618530273,20.145641494431732,20.134374618530273,20.145641494431732,1800
2024-04-18,20.0731143951416,20.0731143951416,20.0731143951416,20.0731143951416,100
2024-04-19,19.921018600463867,19.921018600463867,19.921018600463867,19.921018600463867,0
2024-04-22,20.034387588500977,20.034387588500977,20.034387588500977,20.034387588500977,100
2024-04-23,20.247037887573242,20.247037887573242,20.247037887573242,20.247037887573242,100
2024-04-24,20.26886749267578,20.26886749267578,20.26886749267578,20.26886749267578,100
2024-04-25,20.17169189453125,20.17169189453125,20.17169189453125,20.17169189453125,100
2024-04-26,20.361814498901367,20.361814498901367,20.361814498901367,20.361814498901367,100
2024-04-29,20.403358459472656,20.403358459472656,20.403358459472656,20.403358459472656,100
2024-04-30,20.142120361328125,20.142120361328125,20.142120361328125,20.142120361328125,0
2024-05-01,20.062551498413086,20.062551498413086,20.062551498413086,20.062551498413086,100
2024-05-02,20.19352149963379,20.19352149963379,20.19352149963379,20.19352149963379,100
2024-05-03,20.45265007019043,20.45265007019043,20.45265007019043,20.45265007019043,100
2024-05-06,20.63924789428711,20.63924789428711,20.63924789428711,20.63924789428711,100
2024-05-07,20.682903289794922,20.682903289794922,20.682903289794922,20.682903289794922,0
2024-05-08,20.682201385498047,20.682201385498047,20.682201385498047,20.682201385498047,100
2024-05-09,20.7568416595459,20.7568416595459,20.7568416595459,20.7568416595459,100
2024-05-10,20.828662872314453,20.828662872314453,20.8075379842249,20.8075379842249,800
2024-05-13,20.81387710571289,20.81387710571289,20.81387710571289,20.81387710571289,100
2024-05-14,20.92654037475586,20.92654037475586,20.92654037475586,20.92654037475586,100
2024-05-15,21.163131713867188,21.163131713867188,21.163131713867188,21.163131713867188,100
2024-05-16,21.139192581176758,21.139192581176758,21.139192581176758,21.139192581176758,100
2024-05-17,21.13426399230957,21.13426399230957,21.13426399230957,21.13426399230957,100
2024-05-20,21.1553897857666,21.1553897857666,21.1553897857666,21.1553897857666,100
2024-05-21,21.219467163085938,21.219467163085938,21.219467163085938,21.219467163085938,100
2024-05-22,21.140602111816406,21.140602111816406,21.140602111816406,21.140602111816406,100
2024-05-23,21.015966415405273,21.198339646289156,21.015966415405273,21.198339646289156,200
2024-05-24,21.136377334594727,21.136377334594727,21.136377334594727,21.136377334594727,100
2024-05-28,21.137784957885742,21.137784957885742,21.032868295639833,21.032868295639833,200
2024-05-29,20.999067306518555,20.999067306518555,20.999067306518555,20.999067306518555,100
2024-05-30,20.87584114074707,20.87584114074707,20.87584114074707,20.87584114074707,100
2024-05-31,21.02511978149414,21.02511978149414,21.02511978149414,21.02511978149414,100
2024-06-03,21.045541763305664,21.045541763305664,21.045541763305664,21.045541763305664,100
2024-06-04,21.09623908996582,21.09623908996582,21.09623908996582,21.09623908996582,100
2024-06-05,21.339874267578125,21.339874267578125,21.339874267578125,21.339874267578125,100
2024-06-06,21.33776092529297,21.33776092529297,21.33776092529297,21.33776092529297,100
2024-06-07,21.32086181640625,21.32086181640625,21.32086181640625,21.32086181640625,100
2024-06-10,21.372262954711914,21.372262954711914,21.372262954711914,21.372262954711914,100
2024-06-11,21.422964096069336,21.422964096069336,21.335649497905038,21.335649497905038,200
2024-06-12,21.6292781829834,21.6292781829834,21.6292781829834,21.6292781829834,100
2024-06-13,21.67645835876465,21.680683605457656,21.6313921944977,21.641955311230216,2800
2024-06-14,21.64688491821289,21.64688491821289,21.603227615984352,21.61026924631673,2000
2024-06-17,21.837003707885742,21.837003707885742,21.821512926885326,21.82855455726379,2000
2024-06-18,21.8877010345459,21.8877010345459,21.83559458523353,21.84263621509524,400
2024-06-20,21.84052276611328,21.945440763895082,21.84052276611328,21.945440763895082,1100
2024-06-21,21.872209548950195,21.872209548950195,21.872209548950195,21.872209548950195,100
2024-06-24,21.756729125976562,21.82150996778795,21.756729125976562,21.82150996778795,100
2024-06-25,21.81165313720703,21.81165313720703,21.81165313720703,21.81165313720703,100
2024-06-26,21.85390281677246,21.85390281677246,21.814470762062083,21.814470762062083,400
2024-06-27,21.840450286865234,21.84965495885564,21.807172480646408,21.84965495885564,300
2024-06-28,21.790178298950195,21.863812969036605,21.790178298950195,21.863812969036605,200
2024-07-01,21.82770538330078,21.82770538330078,21.80009271866615,21.80009271866615,300
2024-07-02,21.93744659423828,21.93744659423828,21.93744659423828,21.93744659423828,100
2024-07-03,22.05497932434082,22.05497932434082,22.05497932434082,22.05497932434082,100
2024-07-05,22.18667221069336,22.18667221069336,22.18667221069336,22.18667221069336,100
2024-07-08,22.19162940979004,22.19162940979004,22.19162940979004,22.19162940979004,100
2024-07-09,22.217824935913086,22.217824935913086,22.217824935913086,22.217824935913086,100
2024-07-10,22.435190200805664,22.435190200805664,22.435190200805664,22.435190200805664,100
2024-07-11,22.263139724731445,22.263139724731445,22.263139724731445,22.263139724731445,100
2024-07-12,22.368635177612305,22.368635177612305,22.368635177612305,22.368635177612305,100
2024-07-15,22.414657592773438,22.414657592773438,22.414657592773438,22.414657592773438,100
2024-07-16,22.567590713500977,22.567590713500977,22.567590713500977,22.567590713500977,100
2024-07-17,22.273759841918945,22.316949953466874,22.273759841918945,22.30986954089587,200
2024-07-18,22.108081817626953,22.108081817626953,22.108081817626953,22.108081817626953,100
2024-07-19,21.950193405151367,21.950193405151367,21.950193405151367,21.950193405151367,100
2024-07-22,22.185256958007812,22.185256958007812,22.06914116153907,22.06914116153907,400
2024-07-23,22.125782012939453,22.125782012939453,22.125782012939453,22.125782012939453,100
2024-07-24,21.67123031616211,21.67123031616211,21.67123031616211,21.67123031616211,200
2024-07-25,21.594057083129883,21.704509091713366,21.594057083129883,21.704509091713366,500
2024-07-26,21.768232345581055,21.793013116104063,21.768232345581055,21.793013116104063,400
2024-07-29,21.793718338012695,21.793718338012695,21.793718338012695,21.793718338012695,100
2024-07-30,21.717252731323242,21.717252731323242,21.717252731323242,21.717252731323242,0
2024-07-31,22.01603889465332,22.01957977622821,22.01603889465332,22.01957977622821,200
2024-08-01,21.72220802307129,21.72220802307129,21.72220802307129,21.72220802307129,100
2024-08-02,21.445371627807617,21.445371627807617,21.410678549664105,21.410678549664105,500
2024-08-05,21.043212890625,21.043212890625,21.043212890625,21.043212890625,100
2024-08-06,21.09065055847168,21.09065055847168,21.09065055847168,21.09065055847168,100
2024-08-07,20.95683479309082,21.325715791273037,20.95683479309082,21.311554965706,3800
2024-08-08,21.292438507080078,21.36111702726447,21.19897921677252,21.205351993568772,2000
2024-08-09,21.362531661987305,21.362531661987305,21.362531661987305,21.362531661987305,100
2024-08-12,21.346248626708984,21.40359821623777,21.346248626708984,21.40359821623777,200
2024-08-13,21.662734985351562,21.662734985351562,21.662734985351562,21.662734985351562,0
2024-08-14,21.752653121948242,21.752653121948242,21.752653121948242,21.752653121948242,100
2024-08-15,22.0599365234375,22.0599365234375,22.0599365234375,22.0599365234375,100
2024-08-16,22.12153434753418,22.12153434753418,22.047899677337274,22.047899677337274,300
2024-08-19,22.31694984436035,22.31694984436035,22.31694984436035,22.31694984436035,100
2024-08-20,22.299251556396484,22.299251556396484,22.299251556396484,22.299251556396484,0
2024-08-21,22.392000198364258,22.430234156673986,22.38775303112478,22.38775303112478,500
2024-08-22,22.179594039916992,22.260309126759125,22.179594039916992,22.260309126759125,400
2024-08-23,22.442977905273438,22.442977905273438,22.442977905273438,22.442977905273438,100
2024-08-26,22.35589027404785,22.35589027404785,22.35589027404785,22.35589027404785,100
2024-08-27,22.3962459564209,22.3962459564209,22.3962459564209,22.3962459564209,100
2024-08-28,22.29216957092285,22.309869927431723,22.161183961765804,22.309869927431723,400
2024-08-29,22.271636962890625,22.430235243315316,22.271636962890625,22.430235243315316,200
2024-08-30,22.494665145874023,22.494665145874023,22.387754015941297,22.387754015941297,100
2024-09-03,22.020286560058594,22.020286560058594,22.020286560058594,22.020286560058594,100
2024-09-04,22.0103759765625,22.0103759765625,22.0103759765625,22.0103759765625,100
2024-09-05,21.90700340270996,21.90700340270996,21.90700340270996,21.90700340270996,100
2024-09-06,21.567859649658203,21.567859649658203,21.567859649658203,21.567859649658203,100
2024-09-09,21.782390594482422,21.782390594482422,21.782390594482422,21.782390594482422,100
2024-09-10,21.892133712768555,21.892133712768555,21.856733001883526,21.856733001883526,200
2024-09-11,22.12153434753418,22.12153434753418,22.12153434753418,22.12153434753418,100
2024-09-12,22.2758846282959,22.2758846282959,22.2758846282959,22.2758846282959,100
2024-09-13,22.413240432739258,22.413240432739258,22.413240432739258,22.413240432739258,100
2024-09-16,22.44368553161621,22.44368553161621,22.44368553161621,22.44368553161621,100
2024-09-17,22.442270278930664,22.4797952499155,22.442270278930664,22.4797952499155,1300
2024-09-18,22.38350486755371,22.38350486755371,22.38350486755371,22.38350486755371,100
2024-09-19,22.7580509185791,22.7580509185791,22.7580509185791,22.7580509185791,100
2024-09-20,22.714859008789062,22.748844447126995,22.714859008789062,22.748844447126995,500
2024-09-23,22.7651309967041,22.777166213422912,22.75309577998529,22.777166213422912,300
2024-09-24,22.799116134643555,22.799116134643555,22.727604368753383,22.731145250465133,400
2024-09-25,22.770084381103516,22.770084381103516,22.770084381103516,22.770084381103516,100
2024-09-26,22.861421585083008,22.861421585083008,22.861421585083008,22.861421585083008,100
2024-09-27,22.85504722595215,22.85504722595215,22.85504722595215,22.85504722595215,100
2024-09-30,22.926559448242188,22.926559448242188,22.926559448242188,22.926559448242188,200
2024-10-01,22.758756637573242,22.890449872845785,22.727601743730695,22.890449872845785,2400
2024-10-02,22.757341384887695,22.757341384887695,22.757341384887695,22.757341384887695,200
2024-10-03,22.722646713256836,22.722646713256836,22.722646713256836,22.722646713256836,100
2024-10-04,22.90248680114746,22.90248680114746,22.90248680114746,22.90248680114746,100
2024-10-07,22.72689437866211,22.890450145807897,22.72689437866211,22.890450145807897,800
2024-10-08,22.9244327545166,22.9244327545166,22.9244327545166,22.9244327545166,100
2024-10-09,23.062501907348633,23.062501907348633,23.025683220872395,23.025683220872395,400
2024-10-10,23.017892837524414,23.017892837524414,23.017892837524414,23.017892837524414,100
2024-10-11,23.143922805786133,23.20198137887522,23.117019128518717,23.20198137887522,1300
2024-10-14,23.30747413635254,23.30747413635254,23.30747413635254,23.30747413635254,100
2024-10-15,23.126220703125,23.152419444719836,23.067457195817898,23.152419444719836,1700
2024-10-16,23.223220825195312,23.223220825195312,23.223220825195312,23.223220825195312,100
2024-10-17,23.218263626098633,23.218263626098633,23.218263626098633,23.218263626098633,100
2024-10-18,23.29473304748535,23.29473304748535,23.29473304748535,23.29473304748535,100
2024-10-21,23.23455047607422,23.23455047607422,23.23455047607422,23.23455047607422,100
2024-10-22,23.2784481048584,23.2784481048584,23.117020628973652,23.117020628973652,100
2024-10-23,23.03913688659668,23.03913688659668,23.03913688659668,23.03913688659668,100
2024-10-24,23.095775604248047,23.095775604248047,23.095775604248047,23.095775604248047,100
2024-10-25,23.083742141723633,23.223222088580535,23.083742141723633,23.223222088580535,1300
2024-10-28,23.143213272094727,23.20197947649073,23.138257118722787,23.17365782839364,1100
2024-10-29,23.1757869720459,23.175786972045895,23.175786972045895,23.175786972045895,100
2024-10-30,23.10215187072754,23.10215187072754,23.10215187072754,23.10215187072754,200
2024-10-31,22.745304107666016,22.91169042199857,22.745304107666016,22.91169042199857,100
2024-11-01,22.797698974609375,22.797698974609375,22.797698974609375,22.797698974609375,100
2024-11-04,22.707778930664062,22.75309465241032,22.707778930664062,22.75309465241032,600
2024-11-05,22.940719604492188,22.940719604492188,22.826728072045235,22.826728072045235,200
2024-11-06,23.500768661499023,23.500768661499023,23.34358701229019,23.34358701229019,500
2024-11-07,23.667861938476562,23.667861938476562,23.667861938476562,23.667861938476562,0
2024-11-08,23.952489852905273,23.952489852905273,23.952489852905273,23.952489852905273,1400
2024-11-11,23.7712345123291,23.860445281780372,23.7712345123291,23.860445281780372,500
2024-11-12,23.71529769897461,23.71529769897461,23.644496276110033,23.644496276110033,200
2024-11-13,23.711759567260742,23.711759567260742,23.711759567260742,23.711759567260742,100
2024-11-14,23.57086181640625,23.57086181640625,23.57086181640625,23.57086181640625,100
2024-11-15,23.2855281829834,23.301104280327223,23.2855281829834,23.301104280327223,300
2024-11-18,23.352081298828125,23.352081298828125,23.352081298828125,23.352081298828125,100
2024-11-19,23.449081420898438,23.449081420898438,23.449081420898438,23.449081420898438,100
2024-11-20,23.458284378051758,23.458284378051758,23.279862855153258,23.364825099261918,1400
2024-11-21,23.59847640991211,23.59847640991211,23.59847640991211,23.59847640991211,100
2024-11-22,23.68485450744629,23.68485450744629,23.626795932879567,23.626795932879567,200
2024-11-25,23.739370346069336,23.768399631085167,23.724501885517405,23.768399631085167,1000
2024-11-26,23.871065139770508,23.873898385208527,23.871065139770508,23.873898385208527,300
2024-11-27,23.777605056762695,23.777605056762695,23.777605056762695,23.777605056762695,100
2024-11-29,23.932662963867188,23.932662963867188,23.932662963867188,23.932662963867188,100
2024-12-02,23.97372817993164,23.973728179931644,23.973728179931644,23.973728179931644,100
2024-12-03,24.01408576965332,24.014085769653317,23.931246427305798,23.931246427305798,300
2024-12-04,24.12666130065918,24.126661300659176,24.126661300659176,24.126661300659176,300
2024-12-05,24.086305618286133,24.115334905501616,24.086305618286133,24.115334905501616,300
2024-12-06,24.14931869506836,24.14931869506836,24.14931869506836,24.14931869506836,100
2024-12-09,23.9942626953125,24.108254240038715,23.9942626953125,24.108254240038715,1500
2024-12-10,23.920625686645508,23.920625686645508,23.920625686645508,23.920625686645508,100
2024-12-11,24.122411727905273,24.122411727905273,24.122411727905273,24.122411727905273,3100
2024-12-12,24.00346565246582,24.12949510584806,24.00346565246582,24.12949510584806,2400
2024-12-13,23.988595962524414,23.988595962524414,23.988595962524414,23.988595962524414,100
2024-12-16,24.082056045532227,24.082056045532227,24.082056045532227,24.082056045532227,100
2024-12-17,23.997800827026367,23.997800827026367,23.997800827026367,23.997800827026367,100
2024-12-18,23.347835540771484,24.043822681785226,23.347835540771484,24.043822681785226,1200
2024-12-19,23.296855926513672,23.49156389693358,23.296855926513672,23.49156389693358,2600
2024-12-20,23.515636444091797,23.515636444091797,23.515636444091797,23.515636444091797,500
2024-12-23,23.659366607666016,23.659366607666016,23.63741638224767,23.640957263941218,500
2024-12-24,23.851240158081055,23.851240158081055,23.851240158081055,23.851240158081055,100
2024-12-26,23.884517669677734,23.884517669677734,23.825043825232623,23.87814354284347,500
2024-12-27,23.626794815063477,23.626794815063477,23.570154216364415,23.570154216364415,800
2024-12-30,23.36859893798828,23.428900986399725,23.178348761611748,23.339721216223225,25900
2024-12-31,23.266677856445312,23.450135465018903,23.266677856445312,23.42465483661149,700
2025-01-02,23.219114303588867,23.326980510516766,23.093413763521834,23.093413763521834,600
2025-01-03,23.47391700744629,23.475614744039767,23.399174477914094,23.399174477914094,4200
2025-01-06,23.628494262695312,23.789868330924534,23.590274131272015,23.77288124585249,1800
2025-01-07,23.377941131591797,23.56054825166962,23.377941131591797,23.56054825166962,7800
2025-01-08,23.4000244140625,23.4000244140625,23.339720746886037,23.339720746886037,500
2025-01-10,23.104454040527344,23.104454040527344,23.104454040527344,23.104454040527344,100
2025-01-13,23.113800048828125,23.113800048828125,23.05944169629409,23.05944169629409,500
2025-01-14,23.121442794799805,23.121442794799805,23.121442794799805,23.121442794799805,100
2025-01-15,23.504491806030273,23.504491806030273,23.504491806030273,23.504491806030273,100
2025-01-16,23.4603271484375,23.492601963651676,23.4603271484375,23.492601963651676,500
2025-01-17,23.679454803466797,23.73041606063175,23.679454803466797,23.73041606063175,200
2025-01-21,23.853567123413086,23.883295331846043,23.784771535841706,23.798361527697413,1000
2025-01-22,24.008148193359375,24.03617542673042,24.008148193359375,24.03617542673042,200
2025-01-23,24.099027633666992,24.099027633666992,24.07014991165201,24.07014991165201,200
2025-01-24,24.05401039123535,24.05401039123535,24.05401039123535,24.05401039123535,100
2025-01-27,23.711729049682617,23.711729049682617,23.645481684925667,23.68709890996127,1400
2025-01-28,23.925762176513672,23.925762176513672,23.874802540412592,23.874802540412592,2300
2025-01-29,23.817047119140625,23.89178802681982,23.817047119140625,23.89178802681982,200
2025-01-30,23.933406829833984,23.94274924078023,23.79836225530636,23.79836225530636,300
2025-01-31,23.8212947845459,24.010696089205098,23.8212947845459,24.010696089205098,700
2025-02-03,23.668415069580078,23.772882570637343,23.668415069580078,23.772882570637343,1200
2025-02-04,23.809404373168945,23.809404373168945,23.739758294217705,23.739758294217705,200
2025-02-05,23.884145736694336,23.884145736694336,23.82384206767833,23.82384206767833,1100
2025-02-06,23.967378616333008,23.967378616333008,23.967378616333008,23.967378616333008,100
2025-02-07,23.762691497802734,23.97672295158097,23.762691497802734,23.97672295158097,1000
2025-02-10,23.9427490234375,23.9427490234375,23.887541806557504,23.887541806557504,1100
2025-02-11,23.917268753051758,23.917268753051758,23.816198348620496,23.816198348620496,300
2025-02-12,23.850170135498047,23.850170135498047,23.850170135498047,23.850170135498047,200
2025-02-13,24.096479415893555,24.096479415893555,23.985216109261774,23.985216109261774,600
2025-02-14,24.10921859741211,24.146589861881843,24.10921859741211,24.146589861881843,300
2025-02-18,24.13469886779785,24.13469886779785,24.13469886779785,24.13469886779785,200
2025-02-19,24.21283721923828,24.21283721923828,24.061656044811755,24.061656044811755,600
2025-02-20,24.116863250732422,24.116863250732422,24.053162489529694,24.053162489529694,200
2025-02-21,23.73041534423828,23.764387894678332,23.73041534423828,23.764387894678332,400
2025-02-24,23.614055633544922,23.614055633544922,23.614055633544922,23.614055633544922,100
2025-02-25,23.498546600341797,23.498546600341797,23.459477599892555,23.459477599892555,300
2025-02-26,23.493450164794922,23.687947918858274,23.4671206683948,23.687947918858274,600
2025-02-27,23.152868270874023,23.510437841980778,23.152868270874023,23.510437841980778,200
2025-02-28,23.472217559814453,23.472217559814453,23.14522344931825,23.14522344931825,200
2025-03-03,23.118894577026367,23.118894577026367,23.118894577026367,23.118894577026367,100
2025-03-04,22.835216522216797,22.835216522216797,22.835216522216797,22.835216522216797,300
2025-03-05,23.064537048339844,23.064537048339844,23.064537048339844,23.064537048339844,100
2025-03-06,22.685733795166016,22.813135322743598,22.685733795166016,22.813135322743598,300
2025-03-07,22.788501739501953,22.821627041211112,22.651759431341247,22.69422552381992,8900
2025-03-10,22.245779037475586,22.36723362909613,22.142160400848734,22.36723362909613,3100
2025-03-11,22.100542068481445,22.159146380526746,22.040240019842177,22.082706114378762,1500
2025-03-12,22.140460968017578,22.26106506208166,22.140460968017578,22.26106506208166,200
2025-03-13,21.840646743774414,21.947662472958186,21.840646743774414,21.947662472958186,200
2025-03-14,22.26616096496582,22.26616096496582,22.26616096496582,22.26616096496582,200
2025-03-17,22.41054916381836,22.507373609236986,22.41054916381836,22.507373609236986,200
2025-03-18,22.143007278442383,22.15489791403583,22.143007278442383,22.15489791403583,200
2025-03-19,22.384218215942383,22.384218215942383,22.384218215942383,22.384218215942383,100
2025-03-20,22.341753005981445,22.341753005981445,22.341753005981445,22.341753005981445,100
2025-03-21,22.319669723510742,22.319669723510742,22.176133223961035,22.176133223961035,400
2025-03-24,22.6772403717041,22.6772403717041,22.6772403717041,22.6772403717041,100
2025-03-25,22.684885025024414,22.684885025024414,22.635623122414245,22.67724197012242,1600
2025-03-26,22.48189353942871,22.616938121397173,22.48189353942871,22.616938121397173,200
2025-03-27,22.423288345336914,22.423288345336914,22.423288345336914,22.423288345336914,100
2025-03-28,22.04533576965332,22.04533576965332,22.04533576965332,22.04533576965332,100
2025-03-31,22.148103713989258,22.148103713989258,22.148103713989258,22.148103713989258,100
2025-04-01,22.204160690307617,22.204160690307617,22.204160690307617,22.204160690307617,200
2025-04-02,22.357040405273438,22.357040405273438,22.357040405273438,22.357040405273438,100
2025-04-03,21.529788970947266,21.529788970947266,21.529788970947266,21.529788970947266,100
2025-04-04,20.829936981201172,21.19939718928981,20.829936981201172,21.19939718928981,3400
2025-04-07,20.818044662475586,20.818044662475586,20.570887928773427,20.570887928773427,1100
2025-04-08,20.73820686340332,21.029529038583235,20.73820686340332,21.024432589344137,900
2025-04-09,21.720888137817383,21.720888137817383,21.720888137817383,21.720888137817383,100
2025-04-10,21.382003784179688,21.382003784179688,21.322550605034422,21.32849592294895,10100
2025-04-11,21.563762664794922,21.563762664794922,21.563762664794922,21.563762664794922,100
2025-04-14,21.568008422851562,21.573104872587045,21.568008422851562,21.573104872587045,10100
2025-04-15,21.511951446533203,21.64954424386033,21.511951446533203,21.64954424386033,200
2025-04-16,21.19090461730957,21.19090461730957,21.19090461730957,21.19090461730957,200
2025-04-17,21.168821334838867,21.168821334838867,21.168821334838867,21.168821334838867,100
2025-04-21,20.86560821533203,20.86560821533203,20.86560821533203,20.86560821533203,100
2025-04-22,21.154382705688477,21.154382705688477,21.154382705688477,21.154382705688477,100
2025-04-23,21.420223236083984,21.420223236083984,21.420223236083984,21.420223236083984,100
2025-04-24,21.718339920043945,21.718339920043945,21.718339920043945,21.718339920043945,100
2025-04-25,21.82620620727539,21.82620620727539,21.82620620727539,21.82620620727539,100
2025-04-28,21.855083465576172,21.855083465576172,21.692011662788893,21.692011662788893,400
2025-04-29,21.941715240478516,21.941715240478516,21.941715240478516,21.941715240478516,100
2025-04-30,21.986730575561523,21.986730575561523,21.785438630346796,21.785438630346796,600
2025-05-01,22.096294403076172,22.096294403076172,22.096294403076172,22.096294403076172,100
2025-05-02,22.338356018066406,22.338356018066406,22.338356018066406,22.338356018066406,100
2025-05-05,22.22624397277832,22.22624397277832,22.22624397277832,22.22624397277832,100
2025-05-06,22.097991943359375,22.097991943359375,21.989276871520264,21.997770413692738,4000
2025-05-07,22.14215850830078,22.18462622130671,22.14215850830078,22.18462622130671,1900
2025-05-08,22.264463424682617,22.269558254226208,22.264463424682617,22.269558254226208,4000
2025-05-09,22.23048973083496,22.23048973083496,22.23048973083496,22.23048973083496,100
2025-05-12,22.870038986206055,22.870038986206055,22.73669376792832,22.786804535814134,900
2025-05-13,23.065385818481445,23.152867851004885,23.065385818481445,23.09171531506682,400
2025-05-14,23.08407211303711,23.08407211303711,23.08407211303711,23.08407211303711,100
2025-05-15,23.163909912109375,23.163909912109375,23.163909912109375,23.163909912109375,100
2025-05-16,23.30829620361328,23.30829620361328,23.18684000211575,23.18684000211575,500
2025-05-19,23.348215103149414,23.348215103149414,23.144374931180376,23.144374931180376,600
2025-05-20,23.254785537719727,23.254785537719727,23.229306531133712,23.229306531133712,400
2025-05-21,22.924396514892578,23.02546854244223,22.924396514892578,23.02546854244223,300
2025-05-22,22.90995979309082,23.067086291950172,22.90995979309082,22.983001348466676,11400
2025-05-23,22.767271041870117,22.767271041870117,22.7366955817296,22.7366955817296,200
2025-05-27,23.18769073486328,23.18769073486328,23.18769073486328,23.18769073486328,100
2025-05-28,23.068782806396484,23.068782806396484,23.068782806396484,23.068782806396484,100
2025-05-29,23.146923065185547,23.146923065185547,23.146923065185547,23.146923065185547,100
2025-05-30,23.17325210571289,23.17325210571289,23.17325210571289,23.17325210571289,100
2025-06-02,23.23695182800293,23.23695182800293,23.23695182800293,23.23695182800293,100
2025-06-03,23.391530990600586,23.391530990600586,23.391530990600586,23.391530990600586,100
2025-06-04,23.394927978515625,23.394927978515625,23.394927978515625,23.394927978515625,200
2025-06-05,23.25563621520996,23.25563621520996,23.25563621520996,23.25563621520996,100
2025-06-06,23.516382217407227,23.516382217407227,23.516382217407227,23.516382217407227,100
2025-06-09,23.540163040161133,23.540163040161133,23.540163040161133,23.540163040161133,100
2025-06-10,23.642086029052734,23.642086029052734,23.543562224222892,23.543562224222892,300
2025-06-11,23.5809326171875,23.76438860700458,23.569041981180426,23.76438860700458,300
2025-06-12,23.658220291137695,23.658220291137695,23.59367066537514,23.59367066537514,200
2025-06-13,23.388134002685547,23.388134002685547,23.388134002685547,23.388134002685547,100
2025-06-16,23.62679672241211,23.645481544159992,23.62679672241211,23.645481544159992,200
2025-06-17,23.44673728942871,23.44673728942871,23.44673728942871,23.44673728942871,100
2025-06-18,23.440793991088867,23.440793991088867,23.440793991088867,23.440793991088867,100
2025-06-20,23.397476196289062,23.397476196289062,23.397476196289062,23.397476196289062,100
2025-06-23,23.573286056518555,23.573286056518555,23.441640202681118,23.441640202681118,300
2025-06-24,23.785621643066406,23.785621643066406,23.785621643066406,23.785621643066406,100
2025-06-25,23.7609920501709,23.7609920501709,23.7609920501709,23.7609920501709,200
2025-06-26,23.95209312438965,23.95209312438965,23.95209312438965,23.95209312438965,400
2025-06-27,24.053544998168945,24.053544998168945,24.053544998168945,24.053544998168945,100
2025-06-30,24.191654205322266,24.191654205322266,24.097022292955653,24.130272573800944,1900
2025-07-01,24.157554626464844,24.157554626464844,24.157554626464844,24.157554626464844,300
2025-07-02,24.271793365478516,24.287992470807165,24.16948955975208,24.16948955975208,800
2025-07-03,24.438039779663086,24.438039779663086,24.438039779663086,24.438039779663086,100
2025-07-07,24.259857177734375,24.28031826351603,24.259857177734375,24.28031826351603,300
2025-07-08,24.241954803466797,24.241954803466797,24.241954803466797,24.241954803466797,100
2025-07-09,24.368131637573242,24.368131637573242,24.368131637573242,24.368131637573242,100
2025-07-10,24.425251007080078,24.425251007080078,24.322947200068118,24.322947200068118,200
2025-07-11,24.35704803466797,24.35704803466797,24.35704803466797,24.35704803466797,100
2025-07-14,24.38944435119629,24.43377643423307,24.38944435119629,24.43377643423307,900
2025-07-15,24.320388793945312,24.35704735915345,24.320388793945312,24.35704735915345,1000
2025-07-16,24.376657485961914,24.399676412184036,24.376657485961914,24.399676412184036,300
2025-07-17,24.51050567626953,24.54460802990741,24.51050567626953,24.54460802990741,800
2025-07-18,24.481517791748047,24.481517791748047,24.481517791748047,24.481517791748047,100
2025-07-21,24.53778648376465,24.57018306915303,24.53778648376465,24.57018306915303,300
2025-07-22,24.545459747314453,24.545459747314453,24.545459747314453,24.545459747314453,200
2025-07-23,24.698062896728516,24.698062896728516,24.698062896728516,24.698062896728516,100
2025-07-24,24.749216079711914,24.749216079711914,24.68101300181559,24.68101300181559,200
2025-07-25,24.826797485351562,24.826797485351562,24.826797485351562,24.826797485351562,100
2025-07-28,24.817419052124023,24.87709654176845,24.817419052124023,24.87709654176845,2100
2025-07-29,24.754329681396484,24.754329681396484,24.754329681396484,24.754329681396484,500
2025-07-30,24.706588745117188,24.706588745117188,24.672488018378264,24.672488018378264,700
2025-07-31,24.62559700012207,24.62559700012207,24.62559700012207,24.62559700012207,100
2025-08-01,24.287139892578125,24.287139892578125,24.254743308687104,24.254743308687104,600
2025-08-04,24.59661102294922,24.59661102294922,24.322946638120673,24.322946638120673,800
2025-08-05,24.48663330078125,24.48663330078125,24.442301219201344,24.442301219201344,300
2025-08-06,24.65287971496582,24.65287971496582,24.65287971496582,24.65287971496582,100
2025-08-07,24.600873947143555,24.63923665325456,24.600873947143555,24.63923665325456,300
2025-08-08,24.81571388244629,24.81571388244629,24.8088940623481,24.8088940623481,100
2025-08-11,24.738985061645508,24.867719328261163,24.738985061645508,24.867719328261163,600
2025-08-12,25.024585723876953,25.046750951352116,25.024585723876953,25.046750951352116,300
2025-08-13,25.11751365661621,25.11751365661621,25.090232749283754,25.090232749283754,100
2025-08-14,25.132858276367188,25.132858276367188,25.08170637346342,25.08170637346342,200
2025-08-15,25.052719116210938,25.13285769179576,25.052719116210938,25.123480032858648,2900
2025-08-18,25.068918228149414,25.068918228149414,25.0143547903616,25.0143547903616,800
2025-08-19,24.894147872924805,24.894147872924805,24.894147872924805,24.894147872924805,200
2025-08-20,24.85748863220215,24.85748863220215,24.749217075058286,24.808894567356433,400
2025-08-21,24.75006866455078,24.792694979337384,24.75006866455078,24.792694979337384,100
2025-08-22,25.10557746887207,25.10557746887207,25.10557746887207,25.10557746887207,200
2025-08-25,25.048458099365234,25.13285865913738,25.048458099365234,25.074033238161785,2500
2025-08-26,25.158435821533203,25.158435821533203,24.979401716680048,24.979401716680048,2700
2025-08-27,25.14138412475586,25.14138412475586,24.996452376620354,24.996452376620354,5700
2025-08-28,25.269264221191406,25.269264221191406,25.269264221191406,25.269264221191406,100
2025-08-29,25.084264755249023,25.243689842606287,25.084264755249023,25.243689842606287,200
2025-09-02,24.91290283203125,24.91290283203125,24.91290283203125,24.91290283203125,300
2025-09-03,25.033111572265625,25.039079321196777,24.979400205795613,25.030553733282325,600
2025-09-04,25.25391960144043,25.25391960144043,25.039080628700326,25.039080628700326,300
2025-09-05,25.16781234741211,25.16781234741211,25.16781234741211,25.16781234741211,100
2025-09-08,25.241130828857422,25.28205300059733,25.241130828857422,25.28205300059733,100
2025-09-09,25.31871223449707,25.31871223449707,25.31871223449707,25.31871223449707,100
2025-09-10,25.39288330078125,25.39288330078125,25.39288330078125,25.39288330078125,100
2025-09-11,25.60346031188965,25.60346031188965,25.60346031188965,25.60346031188965,100
2025-09-12,25.60004997253418,25.644382055119124,25.60004997253418,25.644382055119124,300
2025-09-15,25.693830490112305,25.69979823934594,25.693830490112305,25.69979823934594,1200
2025-09-16,25.692123413085938,25.695533323032908,25.692123413085938,25.695533323032908,500
2025-09-17,25.640119552612305,25.640119552612305,25.6188047696939,25.6188047696939,500
2025-09-18,25.7952823638916,25.7952823638916,25.789314614626313,25.789314614626313,200
2025-09-19,25.924867630004883,25.924867630004883,25.924867630004883,25.924867630004883,100
2025-09-22,26.033140182495117,26.033140182495117,25.975168458136853,25.975168458136853,600
2025-09-23,25.884798049926758,26.044223134659408,25.884798049926758,26.044223134659408,1000
2025-09-24,25.80380630493164,25.874567220585355,25.80380630493164,25.874567220585355,200
2025-09-25,25.661434173583984,25.74668843185298,25.644382996712242,25.644382996712242,2600
2025-09-26,25.808069229125977,25.808069229125977,25.808069229125977,25.808069229125977,200
2025-09-29,25.864336013793945,25.864336013793945,25.864336013793945,25.864336013793945,100
2025-09-30,25.965789794921875,25.965789794921875,25.857516615567427,25.857516615567427,400
2025-10-01,26.051897048950195,26.051897048950195,25.93424620638899,25.93424620638899,1400
2025-10-02,26.084293365478516,26.104754452064874,26.06468434989043,26.06468434989043,6900
2025-10-03,26.077470779418945,26.23263387707609,26.077470779418945,26.130328448615906,10700
2025-10-06,26.198532104492188,26.198532104492188,26.181480928357093,26.181480928357093,1000
2025-10-07,26.068946838378906,26.121804510915016,26.068946838378906,26.121804510915016,1000
2025-10-08,26.204500198364258,26.224109213786626,26.204500198364258,26.224109213786626,2800
2025-10-09,26.104753494262695,26.181480533534252,26.103899797206054,26.181480533534252,800
2025-10-10,25.55827522277832,25.925719445319555,25.55827522277832,25.925719445319555,1400
2025-10-13,25.873716354370117,25.873716354370117,25.873716354370117,25.873716354370117,200
2025-10-14,25.825971603393555,25.900142429172057,25.825971603393555,25.900142429172057,400
2025-10-15,25.926572799682617,25.97687263283822,25.926572799682617,25.97687263283822,600
2025-10-16,25.83961296081543,26.096227790544447,25.823415482065972,26.03655030132598,1600
2025-10-17,25.918899536132812,25.918899536132812,25.918899536132812,25.918899536132812,100
2025-10-20,26.127771377563477,26.17295715725999,26.036550999363715,26.036550999363715,700
2025-10-21,26.14482307434082,26.14738091343963,26.121804148541244,26.121804148541244,300
2025-10-22,25.982839584350586,26.147380345385102,25.982839584350586,26.147380345385102,500
2025-10-23,26.114131927490234,26.114131927490234,26.036551188861655,26.036551188861655,200
2025-10-24,26.312772750854492,26.312772750854492,26.312772750854492,26.312772750854492,300
2025-10-27,26.56512451171875,26.616276414517248,26.479870256328137,26.490953683529543,19100
2025-10-28,26.64185333251953,26.667430097111037,26.60775097973086,26.60775097973086,3800
2025-10-29,26.649526596069336,26.76120806038297,26.590701176331564,26.76120806038297,3700
2025-10-30,26.421045303344727,26.548073804643053,26.421045303344727,26.548073804643053,1500
2025-10-31,26.511415481567383,26.511415481567383,26.511415481567383,26.511415481567383,100
2025-11-03,26.471343994140625,26.599226187015113,26.471343994140625,26.599226187015113,1600
2025-11-04,26.24798011779785,26.376712758852204,26.24798011779785,26.30083778867224,2200
2025-11-05,26.327266693115234,26.327266693115234,26.327266693115234,26.327266693115234,100
2025-11-06,26.0561580657959,26.23263432310672,26.0561580657959,26.23263432310672,500
2025-11-07,26.051042556762695,26.051042556762695,25.77226249353334,25.91719423870412,4300
2025-11-10,26.443212509155273,26.443212509155273,26.339202932273842,26.339202932273842,600
2025-11-11,26.4849853515625,26.4849853515625,26.40314100801437,26.40314100801437,300
2025-11-12,26.502037048339844,26.531023722756963,26.502037048339844,26.531023722756963,200
2025-11-13,26.086851119995117,26.556599160691192,26.086851119995117,26.556599160691192,1500
2025-11-14,26.077470779418945,26.22410828919694,26.077470779418945,26.130328448615906,300
2025-11-17,25.883092880249023,25.883092880249023,25.883092880249023,25.883092880249023,100
2025-11-18,25.710880279541016,25.710880279541016,25.710880279541016,25.710880279541016,100
2025-11-19,25.772262573242188,25.772262573242188,25.772262573242188,25.772262573242188,100
2025-11-20,25.44318199157715,25.44318199157715,25.44318199157715,25.44318199157715,500
2025-11-21,25.60601806640625,25.60601806640625,25.461938389542674,25.53355300552088,500
2025-11-24,25.974313735961914,25.974313735961914,25.9410650809123,25.96834598695071,900
2025-11-25,26.195974349975586,26.195974349975586,26.195974349975586,26.195974349975586,100
2025-11-26,26.377567291259766,26.377567291259766,26.377567291259766,26.377567291259766,100
2025-11-28,26.46793556213379,26.46793556213379,26.330677328787395,26.330677328787395,400
2025-12-01,26.334938049316406,26.488395381117154,26.334938049316406,26.428717891214564,1500
2025-12-02,26.406553268432617,26.406553268432617,26.36904100559578,26.36904100559578,500
2025-12-03,26.4849853515625,26.4849853515625,26.444915250757585,26.444915250757585,400
2025-12-04,26.49095344543457,26.539547508742938,26.49095344543457,26.496069123495342,1200
2025-12-05,26.544662475585938,26.588994556715633,26.544662475585938,26.588994556715633,300
2025-12-08,26.440654754638672,26.572798936311184,26.440654754638672,26.572798936311184,100
2025-12-09,26.444915771484375,26.45344135961265,26.444915771484375,26.45344135961265,500
2025-12-10,26.625656127929688,26.635033787216425,26.590701703787545,26.59922729207268,2000
2025-12-11,26.66572380065918,26.66572380065918,26.513972236371757,26.513972236371757,3100
2025-12-12,26.380125045776367,26.68448025832575,26.380125045776367,26.68448025832575,500
2025-12-15,26.39376449584961,26.39376449584961,26.352842322297544,26.352842322297544,300
2025-12-16,26.317035675048828,26.343464510894908,26.198532762286945,26.261621790352915,2300
2025-12-17,25.994775772094727,26.34346469259601,25.994775772094727,26.34346469259601,700
2025-12-18,26.241159439086914,26.30083692809252,26.241159439086914,26.255652775858223,2100
2025-12-19,26.39973258972168,26.437244853649084,26.34346500687544,26.38012519978555,1200
2025-12-22,26.548072814941406,26.582175166864932,26.445769011350098,26.445769011350098,3600
2025-12-23,26.663166046142578,26.69300479129114,26.582175398752142,26.582175398752142,6900
2025-12-24,26.786785125732422,26.786785125732422,26.671692124007357,26.710056457915712,2300
2025-12-26,26.786785125732422,26.786785125732422,26.744158810762997,26.7782595375206,2400
2025-12-29,26.641000747680664,26.641000747680664,26.641000747680664,26.641000747680664,500
2025-12-30,26.649999618530273,26.670000076293945,26.570999145507812,26.670000076293945,1800
2025-12-31,26.44700050354004,26.65999984741211,26.44700050354004,26.65999984741211,2700
2026-01-02,26.39900016784668,26.510000228881836,26.360000610351562,26.459999084472656,2800
2026-01-05,26.608999252319336,26.6299991607666,26.608999252319336,26.6299991607666,800
2026-01-06,26.781999588012695,26.809999465942383,26.690000534057617,26.690000534057617,3600
2026-01-07,26.695999145507812,26.90999984741211,26.695999145507812,26.809999465942383,3700
2026-01-08,26.739999771118164,26.780000686645508,26.690000534057617,26.780000686645508,2800
2026-01-09,26.86400032043457,26.91900062561035,26.81999969482422,26.81999969482422,2000
2026-01-12,26.895000457763672,26.940000534057617,26.770000457763672,26.770000457763672,2700
2026-01-13,26.8799991607666,26.889999389648438,26.829999923706055,26.84000015258789,3800
2026-01-14,26.75,26.75,26.6200008392334,26.71500015258789,1400
2026-01-15,26.774999618530273,26.920000076293945,26.75,26.920000076293945,2400
2026-01-16,26.781999588012695,26.84000015258789,26.75,26.84000015258789,3000
2026-01-20,26.29199981689453,26.540000915527344,26.29199981689453,26.479999542236328,3500
2026-01-21,26.559999465942383,28.639999389648438,26.389999389648438,26.389999389648438,2800
2026-01-22,26.700000762939453,26.850000381469727,26.610000610351562,26.850000381469727,3900
2026-01-23,26.652000427246094,26.698999404907227,26.6299991607666,26.639999389648438,2000
2026-01-26,26.79400062561035,26.850000381469727,26.75,26.77899932861328,1500
2026-01-27,26.891000747680664,26.90999984741211,26.891000747680664,26.90999984741211,300
2026-01-28,26.899999618530273,26.969999313354492,26.899999618530273,26.969999313354492,1000
2026-01-29,26.85099983215332,26.979999542236328,26.670000076293945,26.979999542236328,6100
2026-01-30,26.749000549316406,26.829999923706055,26.621999740600586,26.827999114990234,6000
2026-02-02,26.920000076293945,26.940000534057617,26.8799991607666,26.8799991607666,5300
2026-02-03,26.709999084472656,26.780000686645508,26.56999969482422,26.780000686645508,2400
2026-02-04,26.59000015258789,26.59000015258789,26.59000015258789,26.59000015258789,600
2026-02-05,26.268999099731445,26.30900001525879,26.268999099731445,26.299999237060547,2000
2026-02-06,26.733999252319336,26.733999252319336,26.41900062561035,26.41900062561035,700
2026-02-09,26.861000061035156,26.90999984741211,26.739999771118164,26.739999771118164,4500
2026-02-10,26.74799919128418,26.860000610351562,26.74799919128418,26.860000610351562,600
2026-02-11,26.760000228881836,26.940000534057617,26.719999313354492,26.940000534057617,1300
2026-02-12,26.382999420166016,26.829999923706055,26.382999420166016,26.739999771118164,2600
2026-02-13,26.365999221801758,26.43000030517578,26.325000762939453,26.325000762939453,500
2026-02-17,26.360000610351562,26.43000030517578,26.325000762939453,26.360000610351562,415
